,subject,year,period,q_number,question,A,B,C,D,E,answer,cot
0,nurse,2019,1,1,항원에 대한 IgE 항체가 생성된 후 히스타민과 같은 매개물을 분비하여 발생하는 과민반응은?,천식,접촉피부염,전신홍반루푸스,장기이식 거부반응,ABO 부적합 수혈반응,A,
1,nurse,2019,1,2,알레르기 치료로 탈감작요법을 실시하기 전에 환자에게 교육할 내용은?,알레르기원을 정맥으로 주입,치료 기간은 6개월 정도 소요,여러 종류의 알레르기원을 한 번에 투여,치료 시작부터 월 1회 알레르기원을 투여,소량의 알레르기원으로 시작한 후 용량을 점차 증가,E,
2,nurse,2019,1,3,림프종 환자에게 과립구집락자극인자(G-CSF) 인 뉴포젠(neupogen) 을 투여하는 목적은?,호중구 증가,고체온 조절,종양세포 사멸,뼈의 통증 완화,구역과 구토 완화,A,
3,nurse,2019,1,4,"개복술을 마치고 입원실에 온 환자가 의식이 저하되면서, 맥박 110회/분, 혈압 90/60 mmHg 일 때 우선적으로 확인해야 할 것은?",통증,체온,백혈구 수,혈청 알부민,수술 부위 배액관,E,
4,nurse,2019,1,5,"응급실에 내원한 환자의 다음 사정결과로 예상되는 것은?• 땅콩을 섭취한 후부터 갑자기 숨 쉬기가 어려워짐• 쉰 목소리, 두드러기, 입과 눈 주위 부종, 청색증, 천명음• 혈압 90/50 mmHg ",심장성쇼크,지연형 과민반응,아나필락시스쇼크,세포독성 과민반응,면역복합체 과민반응,C,
5,nurse,2019,1,6,응급환자중증도분류에 근거한 치료의 최우선 순위는?,대퇴골 폐쇄골절,38.0℃의 발열을 동반한 장염,기침을 동반한 만성폐쇄폐질환,심한 흉통을 동반한 심근경색증,소량의 출혈이 있는 손가락 부분절단,D,
6,nurse,2019,1,7,눈에 화학물질이 들어갔을 때 즉각적인 중재는?,안대를 대어준다.,눈을 감고 안정시킨다.,흐르는 물로 씻어낸다.,스테로이드 점안제를 점적한다.,눈을 깜박여 눈물이 흐르도록 한다.,C,
7,nurse,2019,1,8,"동맥혈가스분석 결과가 다음과 같은 환자에게 보상으로 나타날 수 있는 것은?pH 7.3, PaO2 98 mmHg, PaCO2 44 mmHg, HCO3- 19 mEq/L ",다뇨,피부발적,과다환기,체온 상승,혈압 상승,C,
8,nurse,2019,1,9,"담낭절제술 후 유동식 섭취 중인 환자의 사정결과가 다음과 같을 때 우선적인 중재는?• 복통, 항구토제 투여 후에도 지속되는 구토• 장음 감소, 복부팽만• Na + 140 mEq/L, K+ 3.8 mEq/L ",복식호흡 유도,심전도 모니터링,비위관 삽입 준비,수술 절개부위 확인,처방된 마약성 진통제 투여,C,
9,nurse,2019,1,10,"갑자기 심한 어지럼, 이명, 난청, 구역과 구토가 있는 메니에르병 환자에 대한 간호중재는?",텔레비전을 틀어준다.,큰 목소리로 대화한다.,방안의 조명을 밝게 한다.,따뜻한 커피를 마시게 한다.,머리를 천천히 움직이도록 한다.,E,
10,nurse,2019,1,11,좌측 변형근치유방절제술을 받은 환자에 대한 퇴원교육 내용은?,소매가 조이는 옷 착용,수면 시 엎드린 자세 유지,좌측 어깨의 외전운동 제한,일상생활 시 좌측 팔 사용 제한,좌측 팔의 위치를 심장 높이보다 높게 유지,E,
11,nurse,2019,1,12,연하곤란과 흉골하 통증이 있는 환자가 칼슘통로차단제의 투여 목적에 대해 질문할 때 옳은 설명은?,“위산을 중화시킵니다.”,“위산분비를 억제합니다.”,“담즙분비를 도와줍니다.”,“식도 점막을 보호합니다.”,“식도괄약근을 이완시킵니다.”,E,
12,nurse,2019,1,13,십이지장궤양 환자에게 위산분비를 감소시키기 위해 투여하는 약물은?,아목시실린,오메프라졸,칼슘탄산염,메트로니다졸,클로르프로마진,B,
13,nurse,2019,1,14,장게실염 환자의 재발 예방을 위한 퇴원교육 내용은?,수분섭취 제한,육류 섭취 권장,일상생활활동 제한,저섬유질식사 섭취,무거운 물건 들지 않기,E,
14,nurse,2019,1,15,역류식도염 환자의 증상을 감소시키기 위한 교육 내용은?,고지방식사를 섭취한다.,수면 시 앙와위를 취한다.,넉넉하고 편안한 옷을 입는다.,취침 전 따뜻한 우유를 섭취한다.,식사 후 곧바로 누워서 안정을 취한다.,C,
15,nurse,2019,1,16,"부분위절제술을 받은 환자가 식후 2~3시간 후에 어지럼, 발한, 손떨림 증상이 있을 때 제공해야 할 식사는?",저푸린식사,저지방식사,저단백식사,저칼륨식사,저탄수화물식사,E,
16,nurse,2019,1,17,급성췌장염 환자에게 나타나는 특징적인 혈액검사 결과는?,혈당 감소,리파제 감소,중성지방 감소,아밀라아제 증가,헤모글로빈 증가,D,
17,nurse,2019,1,18,식욕부진과 황달로 입원한 환자가 IgM anti-HAV 양성일 때 간호중재는?,멸균 가운을 입힌다.,입었던 환의는 소각한다.,N95 마스크를 착용시킨다.,1인 음압병실에 격리시킨다.,개인용 수건을 사용하게 한다.,E,
18,nurse,2019,1,19,"다음 환자의 사정결과에 근거한 우선적인 간호진단은?• 복수, 하지부종, 호흡곤란, 황달• 검사결과: AST/ALT 80/45 U/L, 총빌리루빈 6.7 mg/dL, 암모니아 23 μg/dL, 프로트롬빈시간 25초• 과거력: 20년간 매일 소주 2병 이상을 마셨음",황달과 관련된 신체상장애,간기능저하와 관련된 체액과다,호흡곤란과 관련된 자가간호부족,부적절한 섭취와 관련된 영양부족,간기능저하와 관련된 사고과정의 변화,B,
19,nurse,2019,1,20,"퍼덕떨림(flapping tremor), 수면장애와 인지저하가 있는 간경화증 환자의 혈청 암모니아가 정상치보다 높을 때 중재는?",진정제 투여,항경련제 투여,저칼륨식사 제공,고단백식사 제공,락툴로오스 관장 실시,E,
20,nurse,2019,1,21,"식도정맥류 출혈이 있는 간경화증 환자의 사정결과가 다음과 같을 때 우선적인 중재는?• 토혈 150 mL• 혈압 90/60 mmHg, 체온 37.5℃, 맥박 98회/분, 호흡 22회/분• 헤마토크리트 27%, 혈색소 7.3 g/dL,",기관내삽관,해열제 투여,이뇨제 투여,혈장분리교환술,농축적혈구 수혈,E,
21,nurse,2019,1,22,결장루술을 받은 환자에게 냄새와 가스형성을 줄이기 위한 식사교육 내용은?,식사 후 껌 씹기,음료 섭취 시 빨대 사용,양파와 양배추 섭취 제한,요구르트나 시금치 섭취 제한,계란이나 생선 등을 통한 단백질 섭취,C,
22,nurse,2019,1,23,치핵 형성을 유발할 수 있는 생활 습관은?,고섬유질식사 섭취,주 3회 유산소운동,따뜻한 물로 좌욕하기,1일 2 L 이상 수분섭취,장시간 변기에 앉아 책 읽기,E,
23,nurse,2019,1,24,"신부전으로 혈액투석을 마친 환자의 투석 후 검사결과가 다음과 같을 때 중재는?• 혈청 전해질: Na + 140 mEq/L, K+ 6.5 mEq/L, Ca++ 5 mEq/L • 혈청 크레아티닌 2.2 mg/dL, ",염화칼륨 투여,수분섭취 권장,오렌지 주스 섭취,스피로놀락톤 투여,케이엑살레이트(Kayexalate) 관장,E,
24,nurse,2019,1,25,지난 3일 동안 구토와 설사를 하여 입원한 환자에게 예상되는 검사결과는?,요비중 감소,중심정맥압 상승,헤마토크리트 감소,폐동맥쐐기압 상승,혈청 삼투질농도 증가,E,
25,nurse,2019,1,26,"급성 사구체신염으로 진단받은 환자의 사정결과가 다음과 같을 때 우선적인 중재는?• 전신부종, 핍뇨• 검붉고 거품이 나는 소변• 혈압 160/100 mmHg, 체온 37.8℃",수분섭취 증가,매일 체중 측정,고단백식사 섭취,신체 활동량 증가,다른 환자와의 격리,B,
26,nurse,2019,1,27,방광염으로 항생제를 처방받은 30대 여자 환자에 대한 교육 내용은?,거품목욕을 한다.,카페인 음료를 마신다.,요의를 느낄 때 즉시 배뇨한다.,회음부는 뒤에서 앞으로 닦는다.,증상이 없으면 약 복용을 중단한다.,C,
27,nurse,2019,1,28,경요도전립샘절제술을 받은 환자의 퇴원교육 내용은?,오래 앉아 있지 않는다.,배에 힘을 주는 운동을 한다.,성관계를 바로 시작할 수 있다.,소변 줄기가 가늘어지는 것은 정상이다.,하루에 1 L 이하로 수분섭취를 제한한다.,A,
28,nurse,2019,1,29,혈액투석을 위해 왼쪽 팔에 동정맥루 수술을 받은 환자에 대한 중재는?,수술 부위에 압박드레싱을 한다.,왼쪽 팔을 움직이지 않도록 한다.,동정맥루를 촉진하여 떨림을 확인한다.,양쪽 팔에서 혈압을 측정해서 비교한다.,수술 직후 왼쪽 팔의 위치를 가슴 높이보다 낮게 유지한다.,C,
29,nurse,2019,1,30,응급실에 내원한 노인 환자에게 콜리스골절(Colles’ fracture) 진단이 내려졌을 때 우선적으로 사정해야 할 것은?,어깨의 내회전,팔꿈치의 굴곡,볼크만 허혈구축,손가락의 운동범위,손가락의 척골편위,D,
30,nurse,2019,1,31,류마티스관절염의 특징으로 옳은 것은?,식사조절로 증상이 완화된다.,관절을 침범하는 국소 질환이다.,아침강직은 30분 이내 소실된다.,증상은 좌우 관절에 대칭적으로 나타난다.,초기 병변은 관절연골 부위에서 시작된다.,D,
31,nurse,2019,1,32,메토트렉세이트를 복용 중인 류마티스관절염 환자에게 나타날 수 있는 부작용을 확인하기 위해 모니터링해야 하는 검사결과는?,골밀도,근전도,전혈구,심초음파,혈청 삼투압,C,
32,nurse,2019,1,33,요추간판절제술을 받은 환자의 수술 후 간호중재는?,취침 시 높은 베개 사용,트렌델렌부르크자세 유지,통나무 굴리기식 체위 변경,수술 후 1주일 동안 절대 안정,수술 직후 수술 부위 온습포 적용,C,
33,nurse,2019,1,34,수근관증후군을 사정할 수 있는 신체검진은?,알렌 검사,롬베르그 검사,팔렌(Phalen) 검사,창백(blanching) 반응 검사,호먼스(Homans) 징후 검사,C,
34,nurse,2019,1,35,전슬관절대치술을 받은 환자의 수술 후 중재는?,혈전방지스타킹 착용,4주 이상 항생제 정맥투여,무릎을 90° 굴곡상태로 유지,지속적수동운동기구(CPM) 를 24시간 동안 적용,수술 직후 48시간 동안 수술 부위 온습포 적용,A,
35,nurse,2019,1,38,대동맥판막협착증 환자에게 나타날 수 있는 병리적 상태는?,뇌혈류 증가,심박출량 감소,폐동맥압 저하,관상동맥혈류 증가,좌심실 이완기말압 저하,B,
36,nurse,2019,1,39,심부전 환자에게 투여되는 약물 중 부작용으로 잦은 마른기침을 유발할 수 있는 것은?,질산염,디곡신,캡토프릴,푸로세미드,스피로놀락톤,C,
37,nurse,2019,1,40,급성 심근경색증 환자에게 심장성쇼크가 발생했을 때 사정결과는?,체온 상승,맥압 상승,소변량 증가,수축기혈압 저하,중심정맥압 저하,D,
38,nurse,2019,1,41,"강심제를 복용 중인 울혈심부전 환자의 심박동수가 50회/분이고, 심전도상 동성서맥을 보일 때 우선적인 중재는?",호흡음을 청진한다.,강심제 투약을 보류한다.,침상 머리를 45° 올려준다.,혈청 나트륨 수치를 확인한다.,임시박동조율기(temporary pacemaker) 를 삽입한다.,B,
39,nurse,2019,1,42,울혈심부전 환자에게 니트로글리세린과 푸로세미드를 함께 투여할 때 주요 교육 내용은?,매일 체온 측정,칼륨 섭취 제한,칫솔모가 부드러운 칫솔 사용,최대심박동 수준의 운동 격려,누웠다가 일어날 때 천천히 일어나기,E,
40,nurse,2019,1,43,한 달 전 와파린을 처방받은 심방세동 환자의 정기 혈액응고검사 결과에서 국제표준화비율(INR) 이 1.3일 때 적절한 중재는?,비타민K 투여,농축적혈구 수혈,신선냉동혈장 수혈,프로타민황산염 투여,와파린 복용 이행 여부 확인,E,
41,nurse,2019,1,44,우측 대퇴동맥을 통한 관상동맥조영술 후 스텐트삽입술을 받은 환자에 대한 간호중재는?,수분섭취를 제한한다.,침상 머리를 60° 올려준다.,우측 무릎 아래에 베개를 대어준다.,양측 족배동맥에서 맥박을 확인한다.,시술 2시간 후부터 보행하도록 한다.,D,
42,nurse,2019,1,45,인공판막대치술 예정인 환자에게 헤파린 치료를 시작할 때 모니터링해야 하는 검사결과는?,혈소판,알부민,C- 반응단백질,프로트롬빈시간,활성화 부분트롬보플라스틴시간,E,
43,nurse,2019,1,46,복부대동맥류를 의심할 수 있는 사정결과는?,하지부종,체온 상승,우상복부 통증,양쪽 팔의 혈압 차이,복부의 박동성 덩어리 촉진,E,
44,nurse,2019,1,47,레이노병 증상 완화를 위한 교육을 시행한 후 환자 반응을 사정하였다. 추가교육이 필요한 것은?,“금연할게요.”,“몸을 따뜻하게 할게요.”,“카페인을 섭취하지 않을게요.”,“외출 시 양말과 장갑을 착용할게요.”,“증상이 심해지면 항생제를 복용할게요.”,E,
45,nurse,2019,1,48,"왼쪽 다리의 통증과 무감각을 호소하는 환자를 사정한 결과가 다음과 같을 때 우선적인 중재는?• 왼쪽 다리의 창백, 냉감• 혈청 콜레스테롤 326 mg/dL, • 20년 동안 매일 1갑 흡연",알렌 검사를 시행한다.,심전도 결과를 확인한다.,발목과 팔의 혈압을 비교한다.,왼쪽 다리에 온습포를 적용한다.,하지의 위치를 심장 높이보다 높게 유지한다.,C,
46,nurse,2019,1,49,"패혈증으로 인해 파종혈관내응고(disseminated intravascular coagulation, DIC) 가 동반된 환자의 사정결과는?",반상출혈,혈압 상승,소변량 증가,혈소판 수 증가,프로트롬빈시간 단축,A,
47,nurse,2019,1,50,항암요법을 받은 백혈병 환자가 퇴원교육 내용을 잘 이해한 것은?,“일회용 면도기를 사용할게요.”,“양치 후에 치실을 사용할게요.”,“사람들이 많은 장소를 피할게요.”,“변비가 있으면 좌약을 사용할게요.”,“채소를 잘 씻어서 생으로 먹을게요.”,C,
48,nurse,2019,1,51,흉막삼출이 있는 환자에게 흉막천자를 실시할 때 간호중재는?,시술 시 기침 유도,시술 시 앙와위 유지,시술 후 심호흡 권장,천자 부위에 온습포 적용,천자 부위가 아래쪽으로 오는 측위 유지,C,
49,nurse,2019,1,52,편도절제술 직후 환자를 위한 간호중재는?,앙와위를 취해준다.,기침에 의한 객담배출을 격려한다.,목에 얼음 칼라(collar) 를 적용한다.,분비물이 있으면 코를 풀도록 한다.,음료를 마실 때 빨대를 사용하도록 한다.,C,
50,nurse,2019,1,53,이소니아지드(isoniazid) 를 복용 중인 환자에게 부작용을 확인하기 위해 사정해야 하는 것은?,시력,청력,관절통,소변색,사지 감각,E,
51,nurse,2019,1,54,만성폐쇄폐질환 환자의 사정결과 중 ‘활동지속성장애’ 간호진단을 내릴 수 있는 자료는?,맥박 82회/분,산소포화도 95%,혈압 130/80 mmHg,동맥혈산소분압 62 mmHg,동맥혈이산화탄소분압 45 mmHg,D,
52,nurse,2019,1,55,천식 완화를 위해 흡입용 코르티코스테로이드를 사용하는 환자에게 필요한 교육 내용은?,약물 흡입 후 숨을 바로 내쉰다.,흡입기 사용 후에 입안을 헹군다.,흡입할 때 고개를 숙이고 흡입한다.,증상이 있을 때마다 흡입기를 수시로 사용한다.,흡입기를 누르기 전에 숨을 끝까지 들이마신다.,B,
53,nurse,2019,1,56,일산화탄소 중독이 신체에 미치는 일차적인 영향은?,급격한 용혈,과민반응 유발,골수 기능 억제,순환혈류량 감소,산소 운반 능력 상실,E,
54,nurse,2019,1,57,기관지천식 환자에게 테오필린을 투여할 때 주의 깊게 사정해야 할 부작용은?,기침,부정맥,저혈당,체중 증가,구강 건조,B,
55,nurse,2019,1,58,급성호흡곤란증후군 환자에게 인공호흡기로 호기말양압을 적용하고 있을 때 합병증으로 나타날 수 있는 징후는?,저체온,혈압 상승,소변량 증가,흉곽전후직경 증가,청진 시 호흡음 감소,E,
56,nurse,2019,1,59,"개두술 후 환자가 자신을 부르는 소리에만 눈을 뜨고, 지남력이 있으며 적절한 대화가 가능하고, 운동반사가 정상적일 때, 글래스고혼수척도 기준에 따른 눈뜨는 반응(E), 언어 반응(V), 운동반사 반응(M) 의 기록으로 옳은 것은?",E2 V3 M5,E3 V4 M5,E2 V4 M6,E3 V5 M6,E2 V5 M6,D,
57,nurse,2019,1,60,지주막하출혈로 뇌수술을 받은 환자에게 두개내압 상승 예방을 위한 간호중재는?,기침 권장,발살바수기 격려,등척성운동 실시,고관절 굴곡 예방,엎드린 자세 적용,D,
58,nurse,2019,1,61,급성기 뇌경색 환자의 뇌조직관류를 증진시키기 위한 우선적인 중재는?,복부마사지 수행,침상머리 30° 유지,능동 관절범위운동 권장,수축기혈압 100 mmHg 이하로 유지,1/2생리식염수(0.45% Na Cl) 정맥주입,B,
59,nurse,2019,1,62,왼쪽 편마비가 있으며 ‘연하곤란과 관련된 기도흡인위험성’간호진단이 내려진 뇌졸중 환자에 대한 간호중재는?,유동식을 제공한다.,마비된 쪽으로 음식을 넣어준다.,식사 중 조금씩 물을 마시게 한다.,자극적인 향이 있는 음식은 피하게 한다.,식사 시 머리와 목을 약간 앞으로 기울이게 한다.,E,
60,nurse,2019,1,63,"지주막하출혈 환자가 뇌실외배액 중에 의식이 저하되어 사정한 결과가 다음과 같을 때 우선적인 중재는?• 혈압 200/100 mmHg, 맥박 52회/분• 배액량: 수술 당일 40 mL/일 , 수술 후 1일째 5 mL/일 ",항응고제를 투여한다.,교감신경흥분제를 투여한다.,뇌실외배액관의 개방성을 확인한다.,하지의 위치를 머리 높이보다 높게 올려준다.,뇌실외배액 주머니의 위치를 머리 높이보다 높게 올려준다.,C,
61,nurse,2019,1,64,길에서 갑자기 쓰러진 대상자가 긴장간대(tonic clonic) 발작 중일 때 우선적인 중재는?,팔을 붙잡아준다.,앙와위를 취해준다.,부축하여 병원으로 이송한다.,입을 벌려 손수건을 넣어준다.,목 주위의 옷을 느슨하게 해준다.,E,
62,nurse,2019,1,65,"흉추 4~5번 손상을 입은 환자가 갑자기 심한 두통을 호소하고 있다. 사정결과가 다음과 같을 때 우선적인 간호중재는?• 안면홍조• 맥박 40회/분, 수축기혈압 250 mmHg • 유치도뇨관을 통한 시간당 소변량 10 mL",냉찜질을 적용한다.,호흡음을 청진한다.,수분섭취를 권장한다.,도뇨관의 개방성을 확인한다.,트렌델렌부르크자세를 취해준다.,D,
63,nurse,2019,1,66,보행장애가 있는 파킨슨병 환자의 기동력 증진을 위한 교육 내용은?,팔을 흔들지 않고 걷는다.,다리의 관절운동을 제한한다.,보폭을 좁게 유지하고 걷는다.,자세를 변경할 때 빠르게 바꾼다.,의식적으로 발을 들어 올리고 내려놓으면서 걷는다.,E,
64,nurse,2019,1,67,갑상샘절제술 환자의 트루소 징후(Trousseau’s sign) 가 양성일 때 예상되는 혈액검사 결과는?,인산 저하,칼슘 저하,철분 상승,"T3, T4 상승",갑상샘자극호르몬 저하,B,
65,nurse,2019,1,68,"제1형 당뇨병 환자가 저녁에 인슐린을 투여받은 후 평소대로 식사를 하였으나 다음날 아침 사정결과가 다음과 같을 때 우선적인 중재는?• 밤에 자면서 악몽을 꾸고 식은땀을 흘림• 아침에 심한 두통• 아침 공복 혈당 200 mg/dL,  케톤뇨(+) ",취침 전 진정제 투여,취침 전 탄수화물 섭취,저녁에 유산소운동 실시,취침 전 따뜻한 물로 샤워,취침 전 인슐린 투여량 증가,B,
66,nurse,2019,1,69,갑상샘절제술 후 방사성요오드 치료를 받은 환자의 퇴원 직후 관리에 대한 교육 내용은?,성관계 가능,수분섭취 제한,중등도 운동 권장,해조류 섭취 증가,배변 후 2~3번 물 내리기,E,
67,nurse,2019,1,70,녹내장으로 추적검사를 받아온 환자가 눈 주위의 심한 통증을 호소하고 안압이 35 mmHg 일 때 예상되는 것은?,복시,동공수축,야간시력 증가,주변시야 감소,중심시력 감소,D,
68,nurse,2019,1,71,가족 중심에 초점을 둔 여성건강간호의 관점으로 옳은 것은?,임산부와 가족이 자연적인 출산 과정을 경험한다.,여성의 주도로 가족의 역할을 분담하고 책임진다.,여성 개인의 요구에 중점을 두어 간호를 제공한다.,출산하는 동안 여성을 가족 내 역할에서 제외한다.,가족 내의 자원을 이용하여 의료인의 주도로 분만을 한다.,A,
69,nurse,2019,1,72,성폭력 피해자에게 발생할 수 있는 원치 않는 임신을 예방하기 위한 중재는?,즉시 질 세척을 시행한다.,24시간 이내에 살정자제를 투여한다.,72시간 이내에 응급피임약을 투여한다.,임신반응검사 결과가 나올 때까지 기다린다.,2~3주 동안 코르티코스테로이드 호르몬을 투여한다.,C,
70,nurse,2019,1,73,산과력 T2-P0-A0-L2인 42세 여자의 자궁경부질세포진검사(Pap test) 결과는 Class I이었다. 예상되는 추후 관리는?,즉시 원추절제술,한 달 후 쉴러검사,배란 시 질확대경검사,월경이 끝난 후 자궁내막생검,정기적인 자궁경부질세포진검사,E,
71,nurse,2019,1,74,6개월 전에 초경을 시작한 14세 여자가 월경 시작 후 1~2일 동안 심한 월경통으로 일상생활이 어렵다고 호소한다. 검진 결과에서 특이한 병리적 소견이 없는 경우 월경통의 주요 원인은?,무배란월경주기,갑상샘의 티록신 과다 분비,난소의 프로게스테론 과다 분비,뇌하수체의 옥시토신 과다 분비,자궁내막의 프로스타글란딘 과다 생성,E,
72,nurse,2019,1,75,규칙적인 월경을 하던 18세 여자가 3개월 동안 월경이 없을 때 우선적으로 시행할 검사는?,황체호르몬 검사,난포자극호르몬 검사,에스트로겐 부하 검사,프로게스테론 부하 검사,융모생식샘자극호르몬 검사,E,
73,nurse,2019,1,76,53세 여자가 갱년기 증상으로 심한 열감과 홍조를 호소할 때 그 원인으로 옳은 것은?,칼슘대사 이상,혈관운동 불안정,골반 혈류량 증가,단백지질대사 변화,피부대사 활동 증가,B,
74,nurse,2019,1,77,자궁근종으로 복강경자궁절제술 후 1일째 되는 여자가 견갑통과 복부팽만감을 호소하였다. 활력징후는 정상 범위이고 질출혈은 없었다. 간호사의 설명으로 옳은 것은?,“배변장애로 관장이 필요합니다.”,“복강 출혈로 응급수술이 필요합니다.”,“복부 감염으로 추가 항생제 투여가 필요합니다.”,“수액 과다 공급으로 수액량을 줄이면 좋아집니다.”,“수술 시 주입한 가스로 인한 것이니 많이 움직이세요.”,E,
75,nurse,2019,1,78,35세 미혼 여자가 월경간출혈(intermenstrual bleeding) 이 있어 초음파검사를 한 결과 여러 개의 자궁내막폴립이 확인되었을 때 우선적인 중재는?,원추절제술,자궁소파술,전자궁절제술,자궁동맥색전술,메트로니다졸 투여,B,
76,nurse,2019,1,79,30세 여자가 다량의 농성 질분비물이 있으며 골반과 하복부에 심한 통증이 있고 체온은 38.0℃이다. 항생제 치료를 받고 있을 때 간호중재로 옳은 것은?,반좌위를 취해준다.,케겔운동을 권장한다.,수분섭취를 제한한다.,유치도뇨관을 삽입한다.,저잔류식사를 제공한다.,A,
77,nurse,2019,1,80,자궁내막증식증으로 진단받은 여자가 월경과다증(hypermenorrhea) 이 있을 때 치료 목적으로 투여하는 호르몬은?,옥시토신,프로락틴,프로게스테론,프로스타글란딘,갑상샘자극호르몬,C,
78,nurse,2019,1,81,방광질누공이 있어 복원 수술을 받은 여자의 수술 후 상처 부위 치유를 돕는 간호중재는?,저단백식사를 제공한다.,정맥주입량을 제한한다.,유치도뇨관을 유지한다.,변이 질로 배출되는지 확인한다.,다리를 움직이지 못하게 고정해 준다.,C,
79,nurse,2019,1,83,정상 임신 경과를 보이는 임신 5개월 된 임부가 아기의 성장발달에 대해 물어볼 때 간호사의 설명으로 옳은 것은?,“아기의 성별은 아직 확인할 수 없습니다.”,“아기 발바닥 표면에 지문이 모두 형성되어 있습니다.”,“아기의 솜털은 사라지고 머리카락이 풍성해져 있습니다.”,“아기 외모는 거의 완성되어 있고 태아 움직임이 느껴질 겁니다.”,“아기 체중은 250 g 정도이며 곧 심장도 뛰기 시작할 겁니다.”,D,
80,nurse,2019,1,84,임신 초기 임부에게 생리적으로 발생하는 빈뇨의 주요 원인은?,아두 하강,정신적인 요인,방광배뇨근 무력,자율신경 반사 이상,증대된 자궁의 방광 압박,E,
81,nurse,2019,1,85,임신 24~28주 임부에게 50 g 경구포도당부하검사를 하는 목적은?,임신고혈압 확인,임신당뇨병 선별,조산 가능성 확인,태아의 당대사 확인,태아의 폐 성숙도 예측,B,
82,nurse,2019,1,86,임신 34주 된 임부가 침대에 누워서 생식기 검진을 받고 있는 동안 피부가 창백하고 축축해지면서 호흡이 어려워지고 빈맥이 있을 때 우선적인 간호중재는?,체온을 측정한다.,좌측위로 눕힌다.,소변량을 측정한다.,봉지를 입에 대고 호흡하게 한다.,더운 물주머니를 복부에 대어준다.,B,
83,nurse,2019,1,87,임신 38주 된 임부의 복부에서 태아심음을 청취하고자 한다. 태아 위치가 우전방둔위(RSA) 인 경우 태아심음 측정 부위는?,배꼽 중앙,배꼽 우측 상단,배꼽 우측 하단,배꼽 좌측 상단,배꼽 좌측 하단,B,
84,nurse,2019,1,88,임신 12주 된 임부가 아랫배가 약간 아프고 소량의 질출혈이 있어 검진한 결과 자궁경부는 닫혀있고 태아심박동수는 정상이다. 우선적인 간호중재는?,수혈 준비,침상안정 유지,자궁소파술 준비,고지방식사 제공,프로스타글란딘 질정제 삽입,B,
85,nurse,2019,1,89,"임신 28주에 고혈압, 두통, 상복부 통증, 부종이 있는 임부에게 24시간 소변검사를 하는 주요 목적은?",케톤양 확인,단백량 확인,백혈구 수치 확인,적혈구 수치 확인,융모생식샘자극호르몬 수치 확인,B,
86,nurse,2019,1,90,임신한 경험이 없는 Rh- 여자가 임신 6주를 확인받았다. 배우자가 Rh+인 경우 적절한 중재는?,치료적 유산을 권장한다.,임신 초기에 양수천자를 한다.,임신 중 주기적으로 수혈을 한다.,임신 중기에 태아 교환수혈을 한다.,임신 28주에 예방적으로 면역글로불린을 투여한다.,E,
87,nurse,2019,1,91,분만 중 산부에게 전자태아감시기를 적용하였을 때 기록용지에서 확인할 수 있는 정보는?,태아 기형,양막파열 유무,골반의 크기와 유형,자궁경부 개대와 소실,"자궁수축의 간격, 기간, 강도",E,
88,nurse,2019,1,92,임신 39주 된 초임부가 분만실로 전화하여 질에서 피가 섞인 점액이 나온다고 할 때 적절한 설명은?,“감염이 의심되니 병원으로 오세요.”,“양막이 파열되었으니 병원으로 오세요.”,“출혈이 있어 위험하니 병원으로 오세요.”,“분만예정일까지 절대안정이 필요하니 병원으로 오세요.”,“이슬이 비쳤으니 규칙적인 진통이 있으면 병원으로 오세요.”,E,
89,nurse,2019,1,93,"임신 40주 된 초산부의 분만 기록이 다음과 같다. 산부의 상태에 대한 해석으로 옳은 것은?• 자궁수축 양상: 간격 3~4분, 기간 50초, 강도 60 mmHg • 자궁경부 상태: 개대 5 cm, 소실 80% • 선진부 하강 정도: -2• 태아 위치: ROA• 양막 상태: 파열",배림이 나타난다.,분만 1기 잠재기이다.,자궁파열의 위험이 있다.,태아 선진부는 둔부이다.,선진부가 좌골극으로부터 2 cm 위에 있다.,E,
90,nurse,2019,1,94,"임신 38주 된 경산부의 분만 기록이 다음과 같을 때 적합한 중재는?• 활력징후: 혈압 120/80 mmHg, 맥박 76회/분, 호흡 18회/분, 체온 36.5℃• 태아심박동수: 135회/분 • 자궁수축 양상: 간격 7~8분, 기간 20초, 강도 25 mmHg • 자궁경부 상태: 개대 6 cm, 소실 90% ",모르핀 근육주사,리토드린 정맥주입,옥시토신 정맥주입,베타메타손 근육주사,마그네슘황산염 정맥주입,C,
91,nurse,2019,1,95,경막외마취로 분만 통증을 관리하고 있는 임신 40주 된 산부에게 저혈압이 나타났다. 우선적인 중재는?,모르핀을 투여한다.,반좌위를 취해준다.,혈관확장제를 투여한다.,응급 제왕절개술을 실시한다.,수액의 정맥주입 속도를 증가시킨다.,E,
92,nurse,2019,1,96,조기 진통으로 리토드린을 주입하고 있는 산부에게 나타날 수 있는 주요 부작용은?,빈맥,핍뇨,고혈압,저혈당증,고칼륨혈증,A,
93,nurse,2019,1,97,임신 28주 된 임부가 복부 통증을 호소하여 전자태아감시기를 적용한 결과 규칙적인 자궁수축이 확인되었다. 임부와 태아 상태를 확인하였을 때 자궁수축억제제를 투여하여 임신을 유지시킬 수 있는 상황은?,태아질식,융모양막염,태반조기박리,중증 자간전증,자궁경부 2 cm 개대,E,
94,nurse,2019,1,98,임신 33주 된 임부가 “1시간 전에 물 같은 것이 속옷을 적셨어요.”라고 호소하였다. 검진 결과 양막파열이 확인되었고 태아심박동수는 148회/분이었다. 우선적으로 관찰해야 할 사항은?,요실금,자궁수축,태아 기형,태반의 위치,자궁바닥 높이,B,
95,nurse,2019,1,99,임신 41주 된 초임부에게 유도분만을 실시하고자 한다. 자궁경부를 부드럽게 하여 경부 변화를 촉진하기 위한 중재는?,관장을 실시한다.,좌측위를 취해준다.,복식호흡을 격려한다.,인공양막절개술을 시행한다.,프로스타글란딘 질좌약을 삽입한다.,E,
96,nurse,2019,1,100,정상분만 한 산모에게 메틸에르고노빈을 투여하고자 할 때 우선 확인하여야 할 사항은?,체온,혈압,소변량,깊은힘줄반사,헤모글로빈 수치,B,
97,nurse,2019,1,101,"산후 2일째인 산모가 발한이 있으며 하루 배뇨량은 3,000 mL 정도이다. 이러한 현상이 발생하는 이유는?",산후 감염,자궁무력증,방광배뇨근의 수축 증가,임신 중 축적된 체액 배출,산후 옥시토신 호르몬 증가,D,
98,nurse,2019,1,102,모유수유의 모체 측 장점에 대한 교육 내용으로 옳은 것은?,후진통 감소,자궁 퇴축 촉진,유두 균열 예방,빠른 월경 회복,완전한 자연 피임,B,
99,nurse,2019,1,103,분만과정에서 태반박리가 잘되지 않았던 산모가 출산 1주일 후에 선홍색 질출혈이 발생했을 때 예상되는 건강문제는?,잔류태반,자궁탈출,자궁파열,산도 열상,자궁내막증,A,
100,nurse,2019,1,104,2시간 전에 4.2 kg의 아기를 흡입분만 한 산모의 자궁 바닥이 배꼽으로부터 2 cm 위에서 부드럽게 촉지되어 자궁 마사지를 시행하고자 한다. 자궁 마사지를 실시하는 주요 목적은?,장운동 촉진,후진통 완화,자궁수축 촉진,산모의 안위감 증진,복부 혈액 순환 촉진,C,
101,nurse,2019,1,105,"제왕절개분만 후 산모가 갑자기 안절부절못하며 심한 흉통과 호흡곤란을 호소한다. 사정결과 빈맥, 저혈압과 청색증이 확인되었을 때 예상되는 건강문제는?",유방염,폐색전증,자궁파열,신우신염,자궁내막염,B,
102,nurse,2019,2,1,유아의 언어발달을 촉진시키기 위한 부모교육 내용은?,은유적인 표현을 넣어서 대화한다.,유아가 사용하는 언어로 대화한다.,유아가 먼저 말을 할 때까지 기다린다.,유아가 말을 잘 못하더라도 말을 많이 걸어준다.,유아가 동영상을 하루 두 시간 이상 시청하게 한다.,D,
103,nurse,2019,2,2,문진을 통해 학령전기 아동의 건강력을 수집할 때 효율적인 전략은?,의학용어를 사용하여 질문한다.,아동과의 면담을 위해 부모와 분리시킨다.,대부분의 건강 정보를 아동에게서 수집한다.,편안한 분위기 조성을 위해 놀이를 활용한다.,시선을 떼지 않으면서 큰 웃음으로 면담을 시작한다.,D,
104,nurse,2019,2,3,아동의 성장과 발달 특성에 대한 설명으로 옳은 것은?,발달순서는 예측할 수 있다.,신체 각 부분의 발달 속도는 같다.,"사지에서 몸통, 머리의 순서로 발달한다.",복잡한 동작에서 단순한 동작으로 발달한다.,말초신경계가 중추신경계보다 먼저 발달한다.,A,
105,nurse,2019,2,4,소아과 외래를 방문한 12개월 영아의 부모가 “지지해 주지 않으면 아기가 혼자 앉아 있지 못해요.”라며 걱정하고 있다. 간호사의 답변으로 적절한 것은?,“정상 소견입니다.”,“매일 앉기 연습을 시켜보세요.”,“발달검사와 신경학적 검사를 받아보세요.”,“아기는 12개월이 지나야 앉을 수 있습니다.”,“아기마다 조금씩 차이가 있으니 좀 더 기다려보세요.”,C,
106,nurse,2019,2,5,홍역이 유행할 때 8개월 영아에게 적용할 수 있는 예방접종 방법은?,12개월에 MMR 백신 접종함,지금부터 2개월 간격으로 홍역 단독백신 3회 접종함,지금 홍역 단독백신 접종하고 4~6세에 MMR 백신 접종함,지금 홍역 단독백신 접종하고 4주 후 홍역 단독백신 재접종함,지금 MMR 백신 접종하고 12~15개월과 4~6세에 MMR 백신 접종함,E,
107,nurse,2019,2,6,영아의 안전사고를 예방하기 위한 부모교육 내용은?,화장실 문은 항상 닫아둔다.,아기가 보챌 때는 젤리를 준다.,푹신한 매트리스 위에서 재운다.,노리개젖꼭지는 끈으로 묶어 목에 걸어준다.,자동차 안에서는 아기를 엄마의 무릎 위에 앉힌다.,A,
108,nurse,2019,2,7,태아의 혈액 순환에 대한 설명으로 옳은 것은?,정맥관은 폐동맥과 대동맥을 연결하여 폐를 우회한다.,동맥관은 제대정맥과 하대정맥을 연결하여 간을 우회한다.,하대정맥을 통과한 혈액은 우심방과 난원공을 통하여 좌심방으로 간다.,우심방으로 들어온 혈액은 우심실과 폐동맥을 통하여 대부분 폐순환을 한다.,산소를 다량 함유한 모체의 혈액은 제대동맥을 통하여 태아에게 전달된다.,C,
109,nurse,2019,2,8,"재태 기간 37주 2일로 출생한 신생아가 다음과 같은 호흡 양상을 보였다면 신생아의 상태는?• 호흡 40회/분, 맥박 124회/분• 호흡의 깊이와 리듬은 불규칙함• 10초간 호흡을 멈추는 현상이 보이기도 함• 횡격막과 복벽 근육을 사용하는 복식호흡을 함",정상호흡,미숙아무호흡,호흡곤란증후군,태변흡인증후군,기관지폐이형성증,A,
110,nurse,2019,2,9,"출생 직후 신생아가 다음과 같은 증상을 보일 때 아프가점수는?• 체온 37.0℃, 맥박 92회/분• 느리고 불규칙하게 호흡함• 사지를 약간 구부린 상태로 누워있음• 몸체는 붉고 사지는 푸르스름한 색을 띰• 카테터를 콧속에 넣었을 때 재채기와 기침을 함",5점,6점,7점,8점,9점,B,
111,nurse,2019,2,10,신생아의 젖병 수유에 대한 부모교육 내용은?,1회 수유 시간은 5분 이내가 적절하다.,먹다가 남긴 것은 전자레인지로 데워 먹인다.,수유 촉진을 위해 아기의 뺨과 턱을 지지한다.,수유 후 소화를 위해 아기를 왼쪽으로 눕힌다.,아기가 수면 중이라도 계획된 수유 시간을 지킨다.,C,
112,nurse,2019,2,11,6개월 영아에게 고형식을 제공하는 방법으로 옳은 것은?,숟가락을 이용하여 스스로 떠먹도록 한다.,야채로 시작하고 이어서 곡류를 추가한다.,한 번에 한 가지씩 새로운 음식을 추가한다.,알레르기가 있는 영아에게는 달걀을 먼저 먹인다.,고형식을 젖병에 넣어 구멍이 큰 젖꼭지로 먹인다.,C,
113,nurse,2019,2,12,5개월 영아가 침을 흘리고 보채며 무엇이든 입에 넣고 깨물려고 한다고 부모가 걱정할 때 간호사의 답변으로 적절한 것은?,“아스피린을 갈아서 먹이세요.”,“딱딱한 막대 사탕을 물려주세요.”,“보챌 때마다 엄마 젖을 물리세요.”,“거즈로 싼 얼음을 잇몸에 대주세요.”,“시간이 지나면 해결되므로 걱정하지 마세요.”,D,
114,nurse,2019,2,13,"유아가 지시받는 것을 싫어하고 “안 해.”, “싫어.”로 반응한다며 어머니가 이러한 행동의 이유를 물어볼 때 간호사의 설명으로 옳은 것은?",“유아우울증의 초기 증상입니다.”,“자율성이 발달하는 과정입니다.”,“부모의 관심 부족이 원인입니다.”,“편하고 안전하게 느끼기 위함입니다.”,“부모의 일관되지 않은 훈육 때문입니다.”,B,
115,nurse,2019,2,14,유아의 대소변가리기 훈련에 대한 부모교육 내용은?,배변 실수가 있을 때마다 벌을 준다.,배변 시간을 정하여 엄격하게 지킨다.,대변가리기보다 소변가리기를 먼저 훈련한다.,대변 훈련을 할 때는 성인용 변기를 사용한다.,주간 소변가리기는 야간 소변가리기보다 먼저 훈련한다.,E,
116,nurse,2019,2,15,"10세 여아가 최근 1주일간 등교 시간이 되면 배가 아프고, 숨이 막히며, 쓰러질 것 같다고 하며 학교 가기를 거부하였다. 혈액검사, 흉부/복부 X선 검사, 심전도 검사가 모두 정상이었다면 간호사가 어머니에게 설명할 내용은?",“자택 학습(home schooling) 을 고려해 보세요.”,“꾀병이니 반복되지 않도록 단호하게 다루세요.”,“뇌컴퓨터단층촬영과 뇌전도검사가 필요합니다.”,“교사에게 아이의 학교생활에 대하여 물어보세요.”,“타임아웃을 적용하여 반성의 시간을 갖게 하세요.”,D,
117,nurse,2019,2,16,"키 155 cm, 몸무게 45 kg인 15세 여아가 자신이 뚱뚱하다고 생각하여 인터넷으로 다이어트 알약을 구매하여 복용하였다. 지난 2주간 학교급식을 거르고 저녁 식사도 거부하여 어머니와 함께 내원하였다. 적절한 간호진단은?",발달장애로 인한 사회적 상호작용 장애,약물 오남용과 관련된 자주적 의사결정 장애,부모의 과도한 통제와 관련된 가족과정 손상,체형에 대한 왜곡된 인식과 관련된 신체상 혼란,가족관계의 역기능과 관련된 만성적 자존감 저하,D,
118,nurse,2019,2,17,유아를 건강검진 할 때 적절한 접근법은?,검진 절차를 유아에게 자세히 설명한다.,억제가 필요하면 부모에게 도움을 청한다.,유아가 스스로 옷을 벗을 때까지 기다린다.,검진을 실시해도 되는지 유아에게 물어본다.,"기구를 사용하는 눈, 귀, 입 검진을 먼저 실시한다.",B,
119,nurse,2019,2,18,신생아의 위관 삽입 길이를 결정할 때 코끝에서 어디까지 어떻게 재어야 하는가?,배꼽까지 곧바로,검상돌기까지 곧바로,귓불을 거쳐서 흉골 중간까지,귓불을 거쳐서 검상돌기와 배꼽 중간까지,세 번째와 네 번째 늑간 중간까지 곧바로,D,
120,nurse,2019,2,19,미숙아가 3주째 신생아집중치료실에서 입원 치료 중이다. 괴사소장대장염으로 의심되는 특이 소견은?,혈변,비담즙성 구토,복부둘레 감소,혈액이 섞인 위 내용물,올리브 모양의 복부 덩어리,A,
121,nurse,2019,2,20,구순구개열이 있는 영아의 수술 후 적절한 간호중재는?,엎드린 자세로 눕힌다.,구강흡인을 자주 한다.,팔꿈치 억제대를 적용한다.,노리개젖꼭지로 울음을 달랜다.,빨대를 사용하여 수분을 섭취하도록 한다.,C,
122,nurse,2019,2,21,식도폐쇄와 기관식도루로 진단을 받은 신생아에게 적용할 우선적인 간호중재는?,위관영양을 실시한다.,구강을 항균제로 닦는다.,구강분비물을 자주 흡인한다.,머리를 30° 정도 낮추어 눕힌다.,특수분유를 경구로 소량씩 먹인다.,C,
123,nurse,2019,2,22,"영아가 2~3일 동안 하루 4~5회 설사를 하였고, 체중이 8.4 kg에서 7.9 kg으로 감소하였다. 적절한 간호중재는?",꿀물을 먹인다.,과일 주스를 먹인다.,모유수유를 중단한다.,경구재수화용액을 먹인다.,정맥으로 수액을 주입한다.,D,
124,nurse,2019,2,23,"영아가 갑자기 자지러지게 울고, 점액과 혈액 섞인 대변, 구토가 있어 응급실을 방문하였다. 영아의 우상복부에서 소시지 모양의 덩어리가 촉진되어 공기 관장이 처방되었다. 부모는 아기에게 관장이 아플 것 같다며 다른 방법이 없는지 문의하였다. 간호사의 답변으로 적절한 것은?",“통증 완화를 위해 진통제를 먹이겠습니다.”,“아기의 진정을 위해 따뜻한 물을 먹이면 됩니다.”,“관장하면서 복부마사지를 하면 통증이 완화됩니다.”,“아기의 복부 통증이 사라지면 그때 관장을 하겠습니다.”,“지연되면 장 괴사 가능성이 있으니 바로 관장을 하는 것이 좋습니다.”,E,
125,nurse,2019,2,24,"영아가 안절부절못하며, 오른쪽 귀를 잡아당기고 비비며 운다. 체온이 37.8℃이고, 외관상 귀의 상처는 보이지 않는다. 우선적으로 해결해야 할 간호 문제는?",통증,기도폐쇄,청력장애,피부손상,영양불균형,A,
126,nurse,2019,2,25,"4세 남아에게 갑작스러운 고열, 인후통, 호흡곤란이 나타나 급성후두개염이 의심될 때 우선되는 간호중재는?",심호흡을 시킨다.,진정제를 투여한다.,불안을 완화시킨다.,정맥으로 수액을 주입한다.,기도 확보를 위한 응급 장비를 준비한다.,E,
127,nurse,2019,2,26,"영아가 동전을 삼키다 목에 걸려 기침을 하면서, 숨을 잘 못 쉬고, 얼굴이 파래졌다고 어머니가 다급하게 전화를 하였다. 간호사의 답변으로 적절한 것은?",“아기에게 진통제를 먹이세요.”,“지금 바로 아기를 데리고 병원으로 오세요.”,“아기의 입에 손가락을 넣어 동전을 꺼내세요.”,“아기를 엎드린 채 머리와 상체를 아래로 기울이고 등을 세게 두드리세요.”,“아기를 바닥에 똑바로 눕힌 후 명치 부위를 세 손가락으로 2~3 cm 깊이로 누르세요.”,D,
128,nurse,2019,2,27,혈우병 진단을 받은 8세 아동의 부모에게 제공할 교육 내용은?,운동으로 수영이 좋다.,통증이 있으면 아스피린을 먹인다.,단단한 칫솔모로 양치질을 해준다.,또래와 함께 축구나 야구를 하게 한다.,출혈 시 출혈 부위를 심장 높이보다 낮게 한다.,A,
129,nurse,2019,2,29,천식 발작으로 입원한 학령기 아동의 퇴원 후 천식 악화 예방을 위한 부모교육 내용은?,실내 습도를 60% 이상 유지한다.,학교 체육활동에 참여시키지 않는다.,호흡곤란이 있을 때 찬 습기를 제공한다.,베개 커버는 부드러운 면제품을 사용한다.,거실 바닥에 양모 카펫을 깔아 보온을 유지한다.,D,
130,nurse,2019,2,30,"아동에게 흔한 골절로 뼈의 압박받은 쪽은 구부러지고, 반대쪽은 부러지는 골절 유형은?",팽륜골절,생목골절,완전골절,끼임골절,나선형골절,B,
131,nurse,2019,2,31,인후염으로 입원해 있는 영아가 체온이 39.0℃로 상승하고 입에 거품이 나며 안구가 위쪽으로 편위되는 전신 강직간대발작을 하고 있다. 우선적인 간호중재는?,미온수로 몸을 닦는다.,심폐소생술을 실시한다.,고개를 옆으로 돌려준다.,경련하는 동안 아기를 안아준다.,처방된 해열제를 경구로 투여한다.,C,
132,nurse,2019,2,32,수두의 발진 양상에 대한 설명으로 옳은 것은?,반구진발진이 귀 뒤부터 나타난다.,"발진은 반점, 구진, 수포, 가피 순으로 변한다.",발진이 서로 융합되어 불규칙한 형태로 보인다.,발진과 함께 구강 점막에 코플릭반점이 동반된다.,발진은 사지에서 먼저 발생하여 몸통으로 퍼진다.,B,
133,nurse,2019,2,33,"유아가 1~2주 전부터 지속적으로 기침을 했고, 최근에는 밤에 발작적으로 기침을 하고, 흡기 시 ‘훕(whoop) ’ 하는 고음의 소리를 낸다. 의심되는 질환의 주요 감염원은?",혈액,소변,대변,기도 분비물,상처 분비물,D,
134,nurse,2019,2,34,"림프종으로 진단을 받아 항암 치료 중인 16세 남아가 항암치료 중 구강 점막 염증과 발적, 식욕부진을 호소한다. 적절한 간호중재는?",야채와 과일을 생으로 제공한다.,아동이 좋아하는 매운 라면을 준다.,가글용액으로 입안을 헹구도록 한다.,단단한 칫솔모로 양치질을 하도록 한다.,금식시키고 완전비경구영양을 공급한다.,C,
135,nurse,2019,2,35,"뇌종양 제거 수술을 받은 아동의 동공이 이완되어 있고, 동공의 크기가 비대칭이며 동공반사가 느리다. 적절한 간호중재는?",다리를 높여준다.,드레싱을 교환한다.,안정을 취하게 한다.,수술한 쪽으로 눕힌다.,즉시 의사에게 보고한다.,E,
136,nurse,2019,2,36,진료비 지불보상제도 중 제공된 의료서비스의 단위당 가격에 서비스 양을 곱한 만큼 보상하는 방식은?,인두제,일당수가제,총액계약제,포괄수가제,행위별 수가제,E,
137,nurse,2019,2,37,다음의 특성에 해당하는 보건의료시설은?• 설치 목적: 보건의료 취약지역의 보건의료서비스 접근성 제고• 법적 근거: 「농어촌 등 보건의료를 위한 특별조치법」• 설치운영권자: 시장 ∙ 군수 ∙ 구청장,보건소,보건지소,보건의료원,보건진료소,보건복지사무소,D,
138,nurse,2019,2,38,질병관리본부에서 주간 감염병 동향을 발간하여 홈페이지에 공개함으로써 감염병 발생 변화를 조기에 감지하여 적절한 조치를 취하도록 하는 것에 해당하는 역학의 목적은?,보건사업의 평가,질병발생의 원인 규명,질병 또는 유행발생의 감시,질병의 자연사에 대한 기술,건강수준과 질병양상에 대한 기술,C,
139,nurse,2019,2,39,"1980년 A 대학에 입학한 건강한 학생 전체를 대상으로 흡연 학생집단과 비흡연 학생집단을 구분하고, 30년 후 두 집단에서의 폐암 발생률을 비교하고자 할 때 사용할 수 있는 지표는?",누적발생률,시점유병률,이차발병률,기여위험도,평균발생률,D,
140,nurse,2019,2,40,"지역사회 구성원인 주민들이 지역사회라는 경계 안에서 건강과 관련된 인적 ∙ 물적 자원 등을 활용하고, 외부 환경과의 상호작용을 통해 지역사회의 적정기능수준을 향상시키고자 한다면 이는 어떤 이론을 지역사회간호에 적용한 것인가?",체계이론,교환이론,기획이론,적응이론,자가간호이론,A,
141,nurse,2019,2,41,지역사회 유지를 위해 결속력과 사기를 높이는 활동과 주민 공동의 문제해결을 위해 함께 협력하는 활동은 지역사회의 어떤 기능에 해당하는가?,사회화 기능,경제적 기능,상부상조 기능,사회통제 기능,사회통합 기능,E,
142,nurse,2019,2,42,구성원 상호 간에 교류가 빈번하여 친밀성과 공동의식을 소유하고 있는 가족과 이웃은 어떤 지역사회 유형에 해당하는가?,대면 공동체,자원 공동체,문제해결 공동체,지정학적 공동체,특수흥미 공동체,A,
143,nurse,2019,2,43,"출생률이 사망률보다 낮아 인구가 감소하는 상태로, 0~14세 인구가 800명, 50세 이상 인구가 8,000명인 지역의 인구구조 유형은?",별형,종형,호로형,항아리형,피라미드형,D,
144,nurse,2019,2,44,"라론드 보고서(Lalonde Report, 1974) 에 제시된 건강결정요인 중 질병발생 등 건강에 가장 큰 영향을 미치며 개인의 의지에 따라 통제가 가능한 요인은?",환경 요인,생활습관 요인,생물학적 요인,사회경제적 요인,보건의료조직 요인,B,
145,nurse,2019,2,45,지역사회간호사가 영아를 둔 다문화 여성을 대상으로 고형식에 대해 교육하려고 할 때 문화적 차이점을 확인하기 위해 사정해야 할 사항은?,유치의 개수,아기의 월령,고형식 수행 여부,아기의 키와 몸무게,출신국과 한국의 음식 문화,E,
146,nurse,2019,2,46,BPRS(Basic Priority Rating System) 의 공식에서 우선순위 선정에 가장 큰 영향을 미치는 요인은?,문제의 크기,문제의 중증도,타인에의 영향,문제의 긴급성,사업의 추정 효과,E,
147,nurse,2019,2,47,B 지역의 비례사망지수가 전국 평균보다 낮았다. 이에 대한 해석으로 옳은 것은?,건강수준이 전국 평균보다 낮다.,노인인구 사망률이 전국 평균보다 높다.,만성질환 사망률이 전국 평균보다 높다.,감염성 질환 사망률이 전국 평균보다 낮다.,건강관리서비스 수준이 전국 평균보다 높다.,A,
148,nurse,2019,2,48,보건소에서 지역보건의료계획을 수립하기 위해 SWOT 분석을 실시하였다. 위협요인(Threat) 에 해당하는 것은?,신종감염병 유행,보건소의 전문인력 부족,다양한 건강전문가 집단의 협력,보건복지부의 건강증진정책 확대,사업에 대한 보건소장의 높은 관심,A,
149,nurse,2019,2,49,"대사증후군 예방 및 관리사업에서 투입되는 인력의 수 및 전문성, 물품, 예산 등을 평가하고자 할 때 해당하는 평가 종류는?",구조평가,과정평가,결과평가,영향평가,적합성평가,A,
150,nurse,2019,2,50,보건소 방문간호사가 스스로 목욕할 수 없는 대상자를 위하여 자원봉사자를 활용하려고 할 때 이는 어떤 종류의 자원 활용에 해당하는가?,인적 자원,조직 자원,경제적 자원,물리적 자원,사회적 자원,A,
151,nurse,2019,2,51,지역사회간호사가 경제적 어려움으로 질병 치료를 받지 못하는 대상자를 지역자원과 연계하기 위해 동주민센터에 의뢰할 때 적절한 내용은?,전문가가 최종 의뢰 결정을 한다.,간호사가 의뢰서를 해당 기관에 직접 전달한다.,의뢰 대상자가 최소 2명 이상이 될 때 의뢰한다.,의뢰 기관에 대한 정보는 대상자에게 비공개로 한다.,의뢰 전 대상자 상태를 파악한 후 의뢰 기관 담당자와 접촉한다.,E,
152,nurse,2019,2,52,보건교사가 학생의 건강수준을 사정하기 위해 이용할 수 있는 2차 자료 수집 방법은?,학생 대상 설문 조사,개별 학생 면접 시행,학생 대상 관찰 시행,학생의 학교 출석부 확인,학생 대상 초점집단 면담 시행,D,
153,nurse,2019,2,53,다음 중 검진기관에서 건강검진을 받아야 하는 학년은?,중학교 1학년,중학교 2학년,중학교 3학년,고등학교 2학년,고등학교 3학년,A,
154,nurse,2019,2,54,다음의 영아 사망 및 신생아 사망과 관련된 α-index 값 중 지역의 건강수준이 가장 높음을 의미하는 것은?,A 지역: 1.1,B 지역: 1.6,C 지역: 2.1,D 지역: 2.6,E 지역: 3.1,A,
155,nurse,2019,2,55,다음 중 ‘배치 전 건강진단’이 필요한 근로자는?,사무직에 종사하는 근로자,직업병 유소견자가 발생한 사업장의 근로자,특수건강진단 대상 유해인자에 노출되는 업무에 종사하는 근로자,특수건강진단 대상 업무로 유해인자에 의한 직업성 질병의 증상을 보이는 근로자,특수건강진단 대상 업무에 종사하기로 예정되어 해당 업무적합성 평가가 필요한 근로자,E,
156,nurse,2019,2,56,"대학생 음주 집단에게 절주 학습목표를 제시한 후 이 음주 집단 스스로 학습내용을 수집하고 수행계획을 세우도록 함으로써, 음주에 따른 자신들의 건강문제를 이해하고 해결방안을 찾아가도록 하는 자기주도형 보건교육 방법은?",시범,세미나,심포지엄,모의실험극,프로젝트 학습,E,
157,nurse,2019,2,57,보건교육 평가시기에 따른 분류 중 교육이 진행되는 동안 학습 진행 정도를 파악하여 교육 내용과 교육 방법을 향상시킬 목적으로 실시하는 평가는?,영향평가,진단평가,총괄평가,종합평가,형성평가,E,
158,nurse,2019,2,58,2017년에 B 지역에서 수집된 다음 자료를 바탕으로 산출된 노령화지수는?• 0~14세 인구: 50명• 15~64세 인구: 250명• 65세 이상 인구: 100명,2.5,20,60,40,200,E,
159,nurse,2019,2,59,지역 주민을 중심으로 건강위원회를 구성하고 주기적인 회의 개최를 통해 주민의 요구를 반영하여 건강생활지원센터에서 보건사업을 계획하고자 한다. 이에 해당하는 일차보건의료의 필수 요소는?,접근성,주민 참여,수용가능성,법적 타당성,지불부담 능력,B,
160,nurse,2019,2,60,듀발(Duvall) 의 가족생활주기 발달단계 중 노년기 가족의 발달과업은?,부부 관계 재확립,세대 간 충돌 대처,사회적 지위의 낮아짐에 대한 대처,출가한 자녀 가족과의 유대 관계 유지,자녀들의 출가에 따른 부모의 역할 적응,C,
161,nurse,2019,2,61,"간호사가 방문간호 대상자 가족의 역사 중 개인에게 영향을 주었다고 생각되는 중요한 사건을 순서대로 열거한 후, 사건과 가족 구성원 건강문제와의 관련성을 파악하고자 할 때 사용하는 가족사정 도구는?",가계도,생태도,가족밀착도,가족연대기,외부체계도,D,
162,nurse,2019,2,62,지역 주민이 결핵예방백신을 접종받은 경우 해당되는 면역의 종류는?,자연능동면역,자연수동면역,인공능동면역,인공수동면역,후천피동면역,C,
163,nurse,2019,2,63,다음 중 숙주와 병원체 접촉에 의한 상호 반응의 결과로 불현성감염을 유발할 가능성이 높은 작용 요인은?,다량의 병원체,부적절한 침입로,숙주의 면역결여,숙주의 높은 감수성,병원체의 낮은 병원력,E,
164,nurse,2019,2,64,감염병 전파 예방을 위해 감염 확진 환자가 취급한 음식물과 식수를 접할 때 주의가 필요한 질병은?,홍역,수두,파상풍,A형간염,유행성이하선염,D,
165,nurse,2019,2,65,다음 중 만성질환의 특징은?,회복이 가능한 병리적 병변 상태,직접적인 단일 원인에 의한 이환,장기간에 걸친 치료와 간호 필요,호전과 악화 반복 후 점진적 호전,연령 증가에 따른 질병 유병률 감소 경향,C,
166,nurse,2019,2,66,노인장기요양보험 수급자가 장기요양요원으로부터 가정에서 신체활동 및 가사활동 지원을 받았다. 이에 해당하는 재가급여는?,방문간호,방문목욕,방문요양,단기보호,주 ∙ 야간보호,C,
167,nurse,2019,2,67,사례관리 대상자들의 특성 및 문제가 다양하기 때문에 각 대상자의 욕구와 환경에 맞도록 사례관리를 시행하는 것에 해당하는 사례관리 원칙은?,개별성,지속성,포괄성,책임성,통합성,A,
168,nurse,2019,2,68,‘직업성 질병으로 진전될 우려가 있어 추적 검사 등 관찰이 필요함’으로 건강관리 판정을 받은 근로자의 건강관리 구분은?,A,C1,C2,D1,D2,B,
169,nurse,2019,2,69,수질오염 지표 중 값이 클수록 수질오염도가 낮은 것은?,대장균군,부유물질량,용존산소량,화학적산소요구량,생물화학적산소요구량,C,
170,nurse,2019,2,70,재난 발생 시 대응단계에서 수행할 활동은?,잔해물 제거,위험지도 작성,안전관리법 제정,환자 중증도 분류,재난대응 전문인력 훈련,D,
171,nurse,2019,2,71,떠오르는 대로 이야기하도록 하는 치료기법과 꿈의 해석을 적용하는 정신간호 모형은?,사회적 모형,실존적 모형,대인관계 모형,의사소통 모형,정신분석 모형,E,
172,nurse,2019,2,72,“엄마한테 새벽에 꼭 깨워달라고 했는데 깨워주지 않아서 시험을 망쳤어요.”라고 말하는 학생의 방어기전은?,투사,전치,전환,취소,동일시,A,
173,nurse,2019,2,73,간호사가 오늘 입원한 환자에게 “매주 목요일 오전 10시에 활동프로그램실에서 약물교육이 있습니다.”라고 설명하였다. 치료적 관계 중 어느 단계에 해당하는가?,상호작용 전 단계,초기단계,활동단계,종결단계,평가단계,B,
174,nurse,2019,2,74,면담 중 환자가 간호사에게 “선생님의 말투가 나를 비웃는 것 같아요.”라고 하였다. 간호사가 “제 말투의 어떤 부분이 그렇게 느끼게 하는지 좀 더 자세하게 말씀해 주시겠어요?”라고 하였다. 이때 간호사가 사용한 의사소통기법은?,반영,재진술,명료화,요약하기,정보제공,C,
175,nurse,2019,2,75,환자가 아무도 없는 방에서 허공을 향해 “안 돼! 당신이 하는 말에 동의할 수 없어.”라고 중얼거린다. 이 증상은?,환각,망상,음송증,보속증,반향언어,A,
176,nurse,2019,2,76,조현병 환자가 “제 심장이 멈추어 썩어가고 있어요.”라고 말한다. 정신상태사정에서 손상된 영역에 해당하는 것은?,지각,사고,정동,기억력,집중력,B,
177,nurse,2019,2,77,식이장애로 입원치료 중인 환자를 위한 인지행동치료에서 초점을 두는 것은?,어린 시절의 갈등 해결,자신의 생각과 느낌 표현,사회적 상호작용 기술 증진,지지적인 치료적 환경 제공,역기능적인 사고와 신념 교정,E,
178,nurse,2019,2,78,클로자핀 복용 시 발생할 수 있는 발열과 인후통 등의 부작용을 확인하기 위해 필요한 검사는?,뇌파검사,혈액검사,심전도 검사,뇌척수액 검사,뇌컴퓨터단층촬영,B,
179,nurse,2019,2,79,지역사회 정신건강사업 중 2차 예방에 속하는 것은?,부모역할훈련,성교육 프로그램,약물남용 예방 교육,24시간 응급전화 운영,학교폭력 예방 프로그램,D,
180,nurse,2019,2,80,정신장애인을 대상으로 한 정신사회재활의 원리에 해당하는 것은?,대상자의 결점에 초점을 둔다.,재활서비스 제공 기간을 제한한다.,치료와 재활을 분리하여 접근한다.,전문가가 대상자를 위해 서비스를 선택해 준다.,개개인에게 적합하도록 개별화된 서비스를 제공한다.,E,
181,nurse,2019,2,81,환자가 1년 전 남편과 함께 차를 타고 가던 중 사고로 남편이 사망하였다. 이후 남편 따라 가겠다며 자살시도를 반복하여 입원하였다. 이 환자에게 ‘자살 위험성’ 간호진단을 내렸다. 적절한 간호중재는?,직접적으로 자살 생각에 대해 질문한다.,생각을 정리할 수 있도록 혼자 있게 한다.,기분 전환을 위해 외출을 다녀오도록 한다.,자살 생각이나 계획을 비밀로 하겠다고 약속한다.,죽고 싶다는 말이나 행동을 일상적인 반응으로 수용한다.,A,
182,nurse,2019,2,82,부인을 상습적으로 구타한 남자가 상담 과정에서 “어릴 때부터 집에서 제가 보고 배운 것은 아버지가 기분 나쁠 때 어머니를 때리는 것밖에는 없었어요.”라고 말하였다. 이 남자의 폭력행동을 설명하는 이론은?,정신역동,대인관계,사회학습,사회문화,생물학적,C,
183,nurse,2019,2,83,"심한 피해망상, 관계망상 및 의심을 보이는 환자에 대한 적절한 간호중재는?",환자의 망상과 신념에 동조한다.,신체 접촉을 자주 해서 현실감을 제공한다.,망상에서 벗어나도록 논리적으로 설득한다.,망상 내용보다 그 이면의 감정 상태를 지지한다.,환자 가까이에서 다른 사람과 대화할 때에는 작은 목소리로 말한다.,D,
184,nurse,2019,2,84,조현병 환자가 주변에 관심이 없고 다른 사람과 대화도 나누지 않으며 병실에서만 지내고 있다. 이 환자에게 내릴 수 있는 간호진단은?,지식부족,보행장애,비효과적 건강관리,만성적 자존감 저하,사회적 상호작용 장애,E,
185,nurse,2019,2,85,“천사가 오라고 부르는 소리가 들려요.”라고 말하는 조현병 환자에게 적절한 간호사의 반응은?,“어디에서 그런 소리가 들리나요?”,“천사의 목소리가 들린다는 것을 증명해 보시겠어요?”,“입원했으니 앞으로 그런 소리는 들리지 않을 거예요.”,“또 이상한 말씀을 하시네요. 그런 소리 하시면 안 돼요.”,"“당신에게 그 소리가 들린다는 걸 알지만, 저에게는 들리지 않아요.”",E,
186,nurse,2019,2,86,대상자가 편의점 앞에서 이야기를 나누고 있는 낯선 두 사람과 눈이 마주치자 “왜 내 이야기를 하는 거예요?”라며 따졌다. 이 대상자에게 해당되는 증상은?,과대망상,빈곤망상,관계망상,애정망상,부정망상,C,
187,nurse,2019,2,87,"주요우울장애 환자가 “업무에 집중하지 못해서 동료들에게 뒤처지는 것 같아 힘들었어요. 이제까지 잘 해 놓은 것이 아무것도 없고, 나 바보 같지요?”라고 호소하였다. 이 환자에게 내릴 수 있는 간호진단은?",상해의 위험,사회적 고립,자존감 저하,방어적 대처,자가간호결핍,C,
188,nurse,2019,2,88,주요우울장애로 입원한 환자가 “만사가 귀찮아서 아무것도 하고 싶지 않아요. 나는 쓸모없는 사람인가 봐요.”라고 말하였다. 이때 적절한 의사소통은?,“세상에 쓸모없는 사람은 없어요.”,“누구나 만사가 귀찮을 때가 있죠.”,“기운 내세요. 모든 것이 다 좋아질 거예요”,“아무것도 하고 싶지 않을 정도로 의욕이 없으시군요.”,“그런 생각 하지 마시고 가족을 생각해서 마음을 굳게 잡수세요.”,D,
189,nurse,2019,2,89,조증 환자가 비정상적으로 기분이 들떠 있으며 쉬지 않고 말을 하고 있다. 이 환자에게 적절한 간호중재는?,간호사가 대화를 주도한다.,질문에 대해 자세하게 설명한다.,여러 가지 주제에 대해 토론한다.,사고비약을 보이면 주제를 바꾼다.,명료한 문장을 사용하여 대화한다.,E,
190,nurse,2019,2,90,과다활동으로 최근 한 달간 체중이 3 kg 감소된 조증 환자에게 적절한 간호중재는?,정해진 시간에 음식을 먹도록 한다.,음식을 먹는 장소를 식당으로 제한한다.,"커피, 콜라 등의 음료로 수분을 보충한다.",손에 들고 다니며 먹을 수 있는 음식을 먹도록 한다.,간식은 제한하고 병원에서 제공된 음식을 먹도록 한다.,D,
191,nurse,2019,2,91,입원 2일째인 강박장애 환자가 병원에서 제공한 물건을 만지고 난 후에는 불결하다며 30분 이상 손을 씻는다. 적절한 간호중재는?,물품 낭비에 대해 지적한다.,손을 씻을 때마다 주의를 주고 금지한다.,손을 씻는 행동에 초점을 두면서 면담을 한다.,다른 대처 방법을 찾을 때까지 손 씻기를 허용한다.,병원 물건은 깨끗하므로 긴 시간 손을 씻을 필요가 없다고 설명한다.,D,
192,nurse,2019,2,92,수술 당일에 수술 전 교육을 받고 있던 환자가 집중을 못하고 불안해하였다. 간호사가 이름을 부르자 다시 교육에 집중하였다. 이 환자의 불안 수준은?,일시적,경증,중등도,중증,공황,C,
193,nurse,2019,2,93,광장공포증을 진단받은 환자의 행동특성은?,만성적이고 광범위하게 불안을 느낀다.,관심을 받을 만한 상황에 처하면 증상이 나타난다.,집에 혼자 있는 것이 두려워 밖으로 나가려고 한다.,집 밖을 나서면 공황발작이 일어날까 봐 두려워한다.,자신의 의지와 상관없이 반복적인 사고와 행동이 나타난다.,D,
194,nurse,2019,2,94,납치되어 자동차 트렁크에 갇혔다가 구조되었던 여자가 외상 후 스트레스 장애 진단을 받고 입원하였다. 적절한 간호중재는?,담당 간호사를 자주 바꾸어준다.,분노 등의 감정을 표출하도록 격려한다.,증상이 비정상적인 반응임을 인식시킨다.,플래시백을 호소할 때 혼자 편안히 쉬도록 한다.,사건에 대한 책임이 환자에게 있음을 인식시킨다.,B,
195,nurse,2019,2,95,35세 여자가 김장을 하러 오라는 시어머니의 전화를 받고 난 후 갑자기 오른손이 마비되어 입원하였다. 검사 결과 기질적 문제는 없었다. 적절한 간호중재는?,감정보다는 마비 증상에 관심을 둔다.,가능한 독립적으로 활동하도록 격려한다.,마비 증상은 의식적으로 통제할 수 있음을 인식시킨다.,마비 증상에 대해 관심을 표현하도록 남편을 교육한다.,마비 증상을 이유로 활동요법에 참석하지 않으려고 할 때 이를 허용한다.,B,
196,nurse,2019,2,96,대상자에게 친구가 선물을 주자 “이 선물을 준 의도가 뭐야?”라며 의심하고 경계하였다. 이 대상자에게 해당되는 성격장애 유형은?,경계성,연극성,편집성,반사회성,자기애성,C,
197,nurse,2019,2,97,경계성 성격장애 대상자가 손톱으로 손등을 긁고 할퀴어 피가 나게 하는 자해행동을 보였다. 적절한 간호중재는?,자해행동에 대해 꾸짖는다.,우선적으로 억제대를 적용한다.,사무적인 태도로 상처를 치료한다.,차분하게 혼자 있을 수 있도록 한다.,자해행동에 관심을 보이며 주의를 기울인다.,C,
198,nurse,2019,2,98,"고등학교 학생이 공부가 잘된다고 소문난 약물을 복용한 후 불안, 초조, 불면을 호소하고 있다. 복용이 의심되는 약물은?",코데인,헤로인,디아제팜,알프라졸람,메스암페타민,E,
199,nurse,2019,2,99,"만성 알코올중독자에게 시신경 마비와 복시, 운동실조, 졸림과 의식의 혼탁이 나타났다. 이 증상과 관련된 영양소는?",엽산,니아신,티라민,티아민,리보플라빈,D,
200,nurse,2019,2,100,입원 중인 치매 환자가 방금 전까지 들고 다니던 손가방을 도둑맞았다며 화를 내고 있다. 간호사의 적절한 반응은?,“손가방을 잘 보관하셨어야죠.”,“방 안에 있는지 함께 찾아볼까요?”,“걱정할 필요 없어요. 어느 장소에 잘 보관하셨을 거예요.”,“자녀분들이 면회 왔을 때 집으로 가져가신 것 아닐까요?”,“여기는 병원이에요. 남의 물건을 훔쳐 갈 사람이 없어요. 오해하신 거예요.”,B,
201,nurse,2019,2,101,"17세 여자가 평소 완벽을 추구하고, 심한 저체중인데도 뚱뚱하다며 식사를 거부하여 입원하였다. 적절한 간호중재는?",음식과 먹는 것에 관심을 갖도록 격려한다.,환자가 스스로 섭취 열량을 결정하도록 한다.,식사 시간은 환자가 원하는 시간으로 정하도록 한다.,완벽을 추구하는 목표를 달성할 수 있도록 도와준다.,영양상태가 악화되면 튜브영양법을 실시할 것임을 설명한다.,E,
202,nurse,2019,2,102,불면장애로 진단받은 대상자의 수면위생을 돕기 위한 교육 내용으로 적절한 것은?,잠자리에 들면 시계를 보지 않도록 한다.,잠이 오지 않으면 침대에서 책을 읽도록 한다.,취침 전에 강도 높은 운동을 규칙적으로 하도록 한다.,숙면을 취하기 위해 잠들기 전 맥주를 마시도록 권유한다.,자기 전에 충분한 양의 음식을 섭취하여 포만감을 갖도록 한다.,A,
203,nurse,2019,2,103,여성의 속옷이나 스타킹을 통해 성적 쾌감을 느끼는 남자에게 해당되는 변태성욕장애 유형은?,관음장애,노출장애,마찰도착장애,물품음란장애,성적피학장애,D,
204,nurse,2019,2,104,자폐스펙트럼장애 아동의 행동특성은?,풍부한 감정 표현,의사소통의 어려움,타인에 대한 친밀감,주변에 대한 과도한 관심,양육자와의 잦은 신체적 접촉,B,
205,nurse,2019,2,105,환아가 미술요법 시간에 집중하지 못하고 산만하게 왔다 갔다 하며 그림 그리기를 완수하지 못하고 있다. 적절한 간호중재는?,단순하고 구체적으로 지시한다.,환아의 요구를 예측하여 충족시킨다.,평소 가지고 놀던 장난감을 제공한다.,여러 가지 과제를 한꺼번에 해결해 보도록 한다.,환아의 비언어적 행동이나 신호의 의미를 파악한다.,A,
206,nurse,2019,3,1,국제간호협의회를 창설하였으며 간호사 시험제도의 중요성을 강조한 간호 지도자는?,리스(Lees),존스(Joans),피셔(Fisher),펜위크(Fenwick),라스본(Rathbone),D,
207,nurse,2019,3,2,해방과 정부 수립기의 미군정시대에 있었던 한국간호사업의 주요 변화는?,분야별 간호사제도 신설,보건후생부 내 간호사업국 설치,인력 수급을 위한 검정고시제 부활,독립적인 산파 규칙과 간호부 규칙 제정,의료인에 대한 규정과 의료인 명칭의 개정,B,
208,nurse,2019,3,3,2011년 고등교육법 개정을 통하여 4년제 간호교육 일원화를 이룬 것에 해당되는 전문직 특성은?,자율성,사회봉사,전문교육,종사기간,윤리강령,C,
209,nurse,2019,3,4,무의미한 연명의료중단을 합법적으로 허용하는 방안 중 하나로 사전연명의료의향서를 작성하도록 하고 있다. 이때 고려된 윤리적 기준은?,선행의 원칙,신의의 규칙,정의의 원칙,정직의 규칙,자율성 존중의 원칙,E,
210,nurse,2019,3,5,인체실험에 대한 비윤리성을 비판하고 대상자의 자발적인 동의가 없으면 어떠한 실험도 할 수 없다는 내용을 제정한 연구 윤리에 관한 최초의 국제적 지침은?,벨몬트 보고,헬싱키 선언,리스본 선언,시드니 선언,뉘른베르크 강령,E,
211,nurse,2019,3,6,2013년 4차 개정 한 한국간호사 윤리강령 중 ‘간호사와 대상자’ 영역에 해당하는 것은?,교육과 연구,간호표준 준수,관계윤리 준수,평등한 간호 제공,생명과학기술과 존엄성 보호,D,
212,nurse,2019,3,7,다음 설명에 해당하는 간호사의 의무는?• 환자가 의료행위를 받을 것인지 여부를 결정하는 데 필요한 의무• 환자의 생명 및 신체에 상당한 침해가 야기될 위험성이 있는 경우 필요한 정보를 제공하고 동의를 얻어야 하는 의무,주의의무,확인의무,설명의무,감시 및 보고의무,비밀누설 금지의무,C,
213,nurse,2019,3,8,간호사들이 수행하는 간호업무를 표준화하기 위해 각 간호행위별로 시간-동작 분석을 한 후 핵심간호술기 가이드라인을 개발하였다. 이때 적용된 관리이론은?,상황이론,체계이론,관료제이론,행정관리론,과학적 관리론,E,
214,nurse,2019,3,9,"간호관리과정에 있어 계획한 업무를 이행하고 있는지를 확인하고, 표준과 성과 간에 차이가 있을 경우 이를 개선하는 관리기능은?",기획,조직,인사,지휘,통제,E,
215,nurse,2019,3,10,기획 수립 시 사용할 수 있는 자원을 최대한 활용하여 새로운 자원의 투입을 최소화하고 최대의 생산성을 산출하도록 기획을 수립해야 한다. 이와 관련된 기획의 원칙은?,경제성,균형성,탄력성,포괄성,장래예측성,A,
216,nurse,2019,3,11,A 간호단위는 ‘손위생 수행률 향상하기’를 질향상 주제로 선정하였다. 성공적인 전략 마련을 위해 병동간호사들은 각자의 아이디어를 서면으로 작성하여 제출하였다. 전체 아이디어를 모은 후 토의를 통해 아이디어를 재조정하고 투표로 손위생 실천 방안을 최종 결정하였다. 이때 활용한 의사결정 기법은?,전자회의,델파이기법,명목집단법,브레인스토밍,의사결정나무,C,
217,nurse,2019,3,12,"올해 간호부는 ‘최상의 간호를 실현하는 인간중심, 고객중심의 간호부’라는 비전을 선포하였다. 이 간호부가 수행한 의사결정의 유형은?",전략적 의사결정,수평적 의사결정,정형적 의사결정,운영(업무) 적 의사결정,전술(관리) 적 의사결정,A,
218,nurse,2019,3,13,다음 내용이 설명하는 예산의 종류는?• 예산 편성 준비에 많은 시간과 노력이 필요하다.• 의사결정과 검토 과정에 구성원들을 참여시켜 혁신적인 분위기를 촉진한다.• 이전 회계연도의 예산을 반영하지 않고 모든 사업을 새롭게 분석 ∙ 재평가하여 처음 수준에서 시작한다.,고정 예산,단기 예산,기획 예산,영기준 예산,점진적 예산,D,
219,nurse,2019,3,14,다음 설명과 관련된 간호서비스의 특성은?• 객관적으로 누구에게나 보이는 형태로 제시할 수 없다.• 대상자는 서비스를 경험하기 전까지는 실체를 알 수 없어 가격 설정이 모호하다.• 이 서비스 특성의 문제점을 해결하기 위해 긍정적 구전 활동 전략을 활성화한다.,동시성,가변성,이질성,무형성,비분리성,D,
220,nurse,2019,3,15,A 간호사는 최근 조직개편으로 인하여 2명의 상사로부터 업무지시를 받고 있어 스트레스가 많아졌다. 이를 해결하기 위해 적용해야 하는 조직화의 원리는?,조정의 원리,전문화의 원리,분업화의 원리,명령통일의 원리,통솔범위의 원리,D,
221,nurse,2019,3,16,"직무분석의 결과물로서 성공적인 직무수행에 필요한 경험, 적성, 자격요건 등의 인적 요건들을 명시해 놓은 것은?",작업조건서,인사고과서,감독요건서,직무기술서,직무명세서,E,
222,nurse,2019,3,17,한 명의 간호사가 환자의 입원부터 퇴원까지 24시간 전체의 간호를 책임지고 수립된 간호계획에 따라 지속적인 간호가 제공될 수 있도록 하는 간호전달체계 방법은?,팀간호,일차간호,사례관리,모듈간호,기능적간호,B,
223,nurse,2019,3,18,"조직 구성원들이 공유하는 가치, 신념, 관습, 규범, 전통, 상징체계 등을 총칭하는 개념으로 조직 구성원의 행동에 영향을 주는 것은?",조직화,조직개발,조직문화,조직변화,조직설계,C,
224,nurse,2019,3,19,환자분류체계를 사용하는 주목적은?,환자예후 예측,환자만족도 파악,환자진단명 분류,간접간호시간 산정,간호인력 산정 및 배치,E,
225,nurse,2019,3,20,간호부의 신규 간호사 교육프로그램 중 유도훈련(induction training) 에 포함되는 주요 교육 내용은?,검사물 관리,의료기구 조작,물품 및 재고관리,새로운 진단 및 치료기술,"병원의 역사, 철학 및 조직체계 인식",E,
226,nurse,2019,3,21,연공급과 직무급을 혼합한 형태로 간호사의 직무수행능력에 따라 급여를 지급하는 임금체계는?,성과급,부가급,직능급,상여금,퇴직금,C,
227,nurse,2019,3,22,다음 상황에서 간호관리자가 문제행동 직원에게 취할 수 있는 관리 단계는?문제행동을 한 직원과 개인적으로 상담한 후 공식적인 행동규범을 지키도록 상기시켰다. 그 후 규칙을 위반하는 행동이 또다시 발생하여 이에 관한 징계조치 절차를 확실히 말해 주었다. 그러나 간호사의 잘못된 행동이 수정되지 않고 반복되고 있다.,면담,정직,해고,구두견책,서면견책,E,
228,nurse,2019,3,23,A 간호단위의 관리자는 문제발생 시 혼자서 해결 방법을 결정하고 목표 달성을 위해서 주로 지시하는 방법을 사용한다. 간호사들은 간호관리자의 강압적인 태도에 지쳐 있고 간호사의 업무만족도는 낮은 편이다. 간호관리자의 리더십 유형은?,슈퍼 리더십,민주적 리더십,변혁적 리더십,전제적 리더십,성취지향적 리더십,D,
229,nurse,2019,3,24,간호단위관리자가 목표설정이론에 근거하여 목표를 설정하고자 할 때 간호사에게 동기를 부여하는 옳은 방법은?,간호단위관리자가 목표를 설정해 준다.,간호사가 목표 설정에 참여하도록 한다.,어려운 목표보다 쉬운 목표를 설정하게 한다.,구체적인 목표보다 포괄적인 목표를 설정한다.,결과지향 목표보다 과정지향 목표를 설정한다.,B,
230,nurse,2019,3,25,A 간호사가 내시경 검사 예정인 환자의 이동을 준비하는 중에 담당하고 있는 다른 환자가 호출벨을 누르다 낙상하였다. 간호단위관리자는 A 간호사를 불러서 이러한 상황과 관련하여 꾸짖었다. 이때 A 간호사가 취할 수 있는 자기주장적 행동은?,"“죄송합니다. 아, 정말 죄송합니다.”",“수간호사님이 도와주시면 안 되나요?”,“환자가 낙상한 것이 제 잘못인가요?”,“지금 제가 얼마나 바쁜지 아시지 않습니까? 억울합니다.”,“다른 환자 병실에서 검사 준비 중이었습니다. 가서 살펴보겠습니다.”,E,
231,nurse,2019,3,26,다음에서 설명하는 간호사의 주요 역할은?• 전문간호사에게 욕창간호에 대한 자문을 구하기• 주치의와 상의하여 방문간호센터로 환자를 의뢰하기,교육자,옹호자,지도자,조정자,연구자,D,
232,nurse,2019,3,27,다음에서 간호단위관리자가 취할 행동으로 옳은 것은?A 간호사는 간호보조인력에게 응급약을 타오라고 급하게 연락하였다. 간호보조인력은 자신보다 나이가 적음에도 평소 퉁명스럽게 말하고 자주 명령조로 지시했던 A 간호사에게 화를 내며 업무수행을 거부하였다.,간호사의 태도를 공개적으로 비난한다.,간호사의 근무지를 다른 병동으로 이동시킨다.,간호보조인력에게 행동을 시정하도록 공개적으로 요구한다.,간호사와 간호보조인력에게 협동자로서 존중하도록 교육한다.,간호사에게 사유서를 작성하도록 하고 간호부에 보고한다.,D,
233,nurse,2019,3,28,간호업무의 질평가 접근 방법이 올바르게 연결된 것은?,구조 – 환자만족도,결과 – 병원감염률,과정 – 소화기 설치 여부,결과 – 환자와의 의사소통,과정 – 환자의 건강회복 수준,B,
234,nurse,2019,3,29,간호단위관리자가 질 관리도구인 흐름도(flow chart) 를 효과적으로 활용할 수 있는 경우는?,업무과정을 분석하고 문제점을 확인하고자 할 때,문제에 대한 원인을 계통적으로 정리하고자 할 때,질 개선 방안 시행 시 우선순위를 부여하고자 할 때,일정 기간 동안 시간 경과에 따른 변화의 추이를 보고자 할 때,문제 발생의 주요 원인을 빈도순이나 중요도순으로 파악하고자 할 때,A,
235,nurse,2019,3,30,정확한 환자확인을 위한 간호관리 활동으로 옳은 것은?,한 가지 정보를 이용하여 환자를 확인한다.,수혈 시 혈액백에 부착된 라벨확인은 혼자 한다.,검사물 채취 시 입원한 병실 번호로 환자를 확인한다.,환자확인용 팔찌를 착용한 경우 환자확인을 생략한다.,환자에게 환자 본인의 이름을 확인할 때는 개방형으로 질문한다.,E,
236,nurse,2019,3,31,병원 내 환자안전사건 보고시스템을 성공적으로 운영하기 위한 관리 방법으로 옳은 것은?,사건 초기 관련된 당사자의 공개,임상적 상황과 관련이 없는 전문가의 분석 관리,보고 내용에 대한 주관적 검토에 따른 처벌 부과,개인의 성과보다는 시스템의 변화에 초점을 둔 개선안 마련,해당 사건에 대한 처벌권을 가진 기관에서의 보고시스템 관리,D,
237,nurse,2019,3,32,"환자안전사고가 발생하였을 때, 우선적으로 해야 하는 활동은?",환자 가족에게 알린다.,담당 수간호사에게 알린다.,보고체계를 통해 간호부에 보고한다.,안전사고 발생 상황 및 조치 내용을 기록한다.,환자의 손상 정도와 상태를 사정하여 응급조치한다.,E,
238,nurse,2019,3,33,A 병원은 저비용이면서도 고효율적인 감염예방 방법을 실시하여 조직 차원의 감염률을 낮추려고 한다. 간호부에서 병원감염관리를 위해 제시할 수 있는 쉽고 기본적인 감염예방 방법은?,손 씻기,음압병실 설치의 제안,개인 보호장구 착용하기,감염성 폐기물의 분리수거,환경 및 기구에 대한 소독,A,
239,nurse,2019,3,34,간호단위관리에서 체계적인 물품 관리 방법으로 옳은 것은?,사용한 일회용 물품은 소독하여 재사용한다.,침상 수를 기준으로 하여 비품 기준량을 청구한다.,소독 물품은 최근 소독한 물품을 앞쪽으로 배치한다.,수시로 보관 장소를 바꾸어 물품이 좋은 상태를 유지하도록 한다.,비품 수 유지를 위하여 매 근무 시 입원환자의 수만큼 비품 수를 보충한다.,B,
240,nurse,2019,3,35,"다음 설명에 해당하는 병원정보시스템은?• 정확하고 신속한 의사전달 기능• 간호사의 입력, 조회, 출력을 통한 환자 치료와 관련된 정보 확인 가능• 환자에게 발생되는 처방을 중심으로 진료부서, 진료지원부서, 원무부서 간에 전달되는 과정을 전산화한 시스템",처방전달시스템,물품관리시스템,환자분류시스템,간호 질관리시스템,간호인력산정시스템,A,
241,nurse,2019,3,36,혈압이 실제보다 낮게 측정되는 경우는?,흡연 직후,팔이 지지되지 않을 때,커프를 느슨히 감을 때,측정 위치가 심장보다 낮을 때,커프의 너비가 상박 둘레보다 넓을 때,E,
242,nurse,2019,3,37,진동법을 올바르게 수행한 것은?,흡기하는 동안 적용함,손을 컵모양으로 하여 적용함,옷을 걷어 피부에 직접 적용함,"유방, 척추, 늑골연 부위에 적용함",팔을 곧게 펴고 두 손을 펴서 포개어 적용함,E,
243,nurse,2019,3,38,성인 환자의 기관절개관 흡인 시 간호로 옳은 것은?,트렌델렌부르크자세를 취해준다.,흡인은 10~15초 간격으로 한다.,흡인한 카테터는 증류수를 통과시켜 관류한다.,흡인조절구멍을 열어놓은 상태로 카테터를 삽입한다.,벽 장치용 흡인기 압력은 95~100 mmHg 로 조절한다.,D,
244,nurse,2019,3,39,비강캐뉼러를 이용하여 산소를 공급할 때 간호중재로 옳은 것은?,파울러자세를 취해준다.,구강 호흡을 하도록 한다.,유속은 8 L/분 이상으로 한다.,식사할 때는 산소공급을 중단한다.,캐뉼러를 귓바퀴 뒤로 돌려 목 뒤에서 조인다.,A,
245,nurse,2019,3,40,섭취량과 배설량 측정을 올바르게 수행한 것은?,수혈은 섭취량에 포함한다.,변실금은 배설량에서 제외한다.,얼음의 양은 섭취량의 2배로 측정한다.,약을 먹을 때 마신 물은 섭취량에서 제외한다.,위관영양 후 위관을 통과시킨 물은 섭취량에서 제외한다.,A,
246,nurse,2019,3,41,복부 수술 후 가스 배출이 된 환자에게 단기간 갈증 해소와 수분공급을 위해 처음으로 제공하는 식이는?,경식,연식,일반식,저잔사식,맑은 유동식,E,
247,nurse,2019,3,42,간헐적 위관영양 시행 전에 흡인한 위 내용물이 300 mL로 측정되었을 때 간호로 옳은 것은?,1시간 경과 후 영양액을 주입한다.,처방된 영양액을 반으로 줄여서 주입한다.,앉은 자세를 취해주고 영양액을 주입한다.,처방된 영양액의 주입 속도를 줄여서 주입한다.,흡인한 위 내용물을 주입하고 영양액 공급을 하지 않는다.,E,
248,nurse,2019,3,43,배변기전으로 옳은 것은?,복근 이완,횡격막 이완,직장내압 감소,내항문괄약근 수축,외항문괄약근 이완,E,
249,nurse,2019,3,44,잔뇨량 측정을 위하여 여자 환자에게 도뇨를 할 때 간호로 옳은 것은?,배뇨 직후에 도뇨를 한다.,"요도구, 음순 순서로 소독한다.",도뇨관은 15~20 cm 정도 삽입한다.,도뇨관은 요도 후하방으로 삽입한다.,1회용 장갑을 착용하고 도뇨를 한다.,A,
250,nurse,2019,3,45,유치도뇨관을 삽입한 환자에게 적용할 간호로 옳은 것은?,폐쇄적 배액체계를 유지한다.,매주 1회 회음부 간호를 제공한다.,소변을 알칼리화하는 음식을 제공한다.,수분 섭취량은 하루에 500 mL로 제한한다.,소변 배액주머니를 방광 위치보다 높게 둔다.,A,
251,nurse,2019,3,46,성인 환자에게 글리세린 관장을 할 때 간호로 옳은 것은?,관장액을 빠른 속도로 주입한다.,관장액을 32˚C 이하로 준비한다.,관장액 주입이 끝나면 바로 배변하도록 한다.,관장용 주사기는 항문보다 55~60 cm 높은 위치에 둔다.,관장액을 주입하는 동안 복부팽만감을 느낄 수 있음을 설명한다.,E,
252,nurse,2019,3,47,신체역학에 대한 설명으로 옳은 것은?,기저면이 좁을수록 안정성이 높아진다.,중력 중심이 낮을수록 안정성이 낮아진다.,중력선이 기저면에서 멀어질수록 균형이 유지된다.,길고 강한 큰 근육을 사용하면 근육의 긴장이 예방된다.,축을 중심으로 회전시키거나 굴리면 들어 올리는 것보다 힘이 많이 든다.,D,
253,nurse,2019,3,48,올바른 신체선열을 유지하기 위한 간호로 옳은 것은?,푹신한 침요를 제공한다.,관절은 약간 구부린 상태를 유지하게 한다.,고관절의 내회전 예방을 위해 대전자두루마리를 적용한다.,휠체어에 앉아 있는 대상자는 2시간마다 체위를 변경한다.,족하수(foot drop) 를 예방하기 위해 삼각대(trapeze bar) 를 적용한다.,B,
254,nurse,2019,3,49,왼쪽 발목 골절로 목발보행 중인 환자가 계단을 오를 때 가장 먼저 수행하도록 교육할 내용은?,“목발에 체중을 지탱한 후 왼쪽 다리를 올리세요.”,“목발에 체중을 지탱한 후 오른쪽 다리를 올리세요.”,“오른쪽 다리에 체중을 지탱한 후 목발을 올리세요.”,“오른쪽 다리에 체중을 지탱한 후 왼쪽 다리를 올리세요.”,“왼쪽 다리에 체중을 지탱한 후 오른쪽 다리를 올리세요.”,B,
255,nurse,2019,3,50,렘(REM) 수면의 특징은?,델타수면,뇌대사 증가,느린 안구운동,세포의 재생과 회복,성장호르몬 최대분비,B,
256,nurse,2019,3,51,체온이 오르기 시작하면서 몸이 떨리고 소름이 돋으며 추위를 호소하는 성인 환자에게 요구되는 간호중재는?,수분섭취를 제한한다.,미온수 목욕을 시킨다.,담요를 추가로 덮어준다.,얼음주머니를 양쪽 겨드랑이에 대준다.,주위 환경이 서늘해지도록 온도를 낮춘다.,C,
257,nurse,2019,3,52,사망 후 신체 내의 글리코겐 부족으로 ATP가 합성되지 않아 근육이 수축되고 관절을 움직이지 못하게 되는 신체적 변화는?,사후강직,사후한랭,사후시반,사후연화,사후부패,A,
258,nurse,2019,3,53,신체보호대(억제대) 를 적용할 때 간호로 옳은 것은?,침상 난간에 묶는다.,적용 전에 진정제를 투여한다.,지속적으로 억제대를 적용한다.,쉽게 풀 수 없도록 매듭을 묶는다.,적용 부위의 피부 상태를 사정한다.,E,
259,nurse,2019,3,54,다음과 같은 증상을 보이는 환자에게 적용한 간호로 옳은 것은?• 감각 저하• 근력 감퇴• 오른쪽 편마비• 관절가동범위 제한• 빛의 변화에 대한 적응력 감소,침상 난간을 내려둔다.,침대의 높이를 높여준다.,발 치수보다 큰 헐렁한 신발을 신게 한다.,보행을 보조할 때 환자의 왼쪽에서 지지한다.,침대에서 휠체어로 환자이동 시 환자의 왼쪽에 휠체어를 둔다.,E,
260,nurse,2019,3,55,상처치유단계 중 염증기에 나타나는 반응은?,상피화,흉터형성,콜라겐 합성,켈로이드 형성,식균(포식) 작용,E,
261,nurse,2019,3,56,정맥천자 후 사용한 주삿바늘과 파손된 유리앰플을 폐기할 때 사용되는 전용용기는?,병리계폐기물 전용용기,손상성폐기물 전용용기,조직물류폐기물 전용용기,혈액오염폐기물 전용용기,일반의료폐기물 전용용기,B,
262,nurse,2019,3,57,"반코마이신내성 장구균(Vancomycin-Resistant Entercoccus, VRE) 의 감염 확산 차단을 위한 간호로 옳은 것은?",병실을 음압 상태로 유지한다.,환자 접촉 전에 장갑과 가운을 착용한다.,병실에 들어가기 전에 N95 마스크를 착용한다.,혈압계는 병동에 입원한 환자와 같이 사용한다.,환자에게 사용한 물품은 일반의료폐기물 전용용기에 버린다.,B,
263,nurse,2019,3,58,외과적 무균술을 적용해야 하는 것은?,좌약 삽입,경구투약 준비,유치도뇨관 삽입,상처 드레싱 제거,격리실 출입 시 가운과 마스크 착용 전,C,
264,nurse,2019,3,59,근육주사 시 통증을 최소화하기 위한 간호중재는?,약물을 신속히 주입한다.,주삿바늘을 천천히 삽입한다.,주입 후 주삿바늘을 천천히 뺀다.,주사할 부위의 근육을 이완시킨다.,바이알에서 약물을 뽑아낸 주삿바늘로 주사한다.,D,
265,nurse,2019,3,60,생리식염수 1.5 L를 5시간 동안 정맥주입 하고자 할 때 1분당 주입 방울 수는? (drip factor: 20 gtt/mL) ,50,100,150,200,250,B,
266,nurse,2019,3,61,왼쪽 유방절제술이 예정된 성인 환자에게 정맥주사를 할 때 간호로 옳은 것은?,왼쪽 팔 중심 부위 정맥을 선택한다.,팔이 심장보다 높게 위치하도록 한다.,주삿바늘은 피부면과 45° 각도로 삽입한다.,주사 부위를 위에서 아래로 반복하여 소독한다.,카테터 바늘의 사면이 위로 오게 하여 삽입한다.,E,
267,nurse,2019,3,62,항생제 피부반응검사 결과 9 mm의 발적과 8 mm의 팽진이 관찰되었을 때 간호중재는?,의사에게 알리고 약물 투여를 취소한다.,원래 처방대로 해당 항생제를 투여한다.,피내반응검사용 희석액의 농도를 낮추어 재검사한다.,피내반응검사용 희석액의 용량을 줄여서 재검사한다.,희석된 주사액과 같은 양의 생리식염수로 반대 팔에 대조검사를 한다.,E,
268,nurse,2019,3,63,1바이알에 5 g이 들어있는 항생제에 멸균증류수 4 mL를 섞어 희석하였다. 항생제 2 g을 투여하려면 희석한 약물 몇 mL를 준비해야 하는가?,0.6,1.5,1.6,2.5,2.6,C,
269,nurse,2019,3,64,"손가락으로 눌렀다가 떼도 창백해지지 않고 지속되는 홍반이 있으며, 표피층과 진피층의 소실이 없는 욕창단계는?",1단계,2단계,3단계,4단계,분류 불가능(미분류) 단계,A,
270,nurse,2019,3,65,욕창 예방을 위한 간호중재는?,뼈 돌출 부위를 마사지한다.,둔부에 도넛 모양 쿠션을 대준다.,체위 변경을 8시간마다 수행한다.,침상 머리를 상승시켜 전단력을 증가시킨다.,베개로 지지하여 변형된 30° 측위를 취해준다.,E,
271,nurse,2019,3,66,「의료법」상 간호 요구자에 대한 교육 ∙ 상담 및 건강증진을 위한 활동의 기획과 수행을 그 임무로 하는 의료인은?,의사,조산사,간호사,치과의사,간호조무사,C,
272,nurse,2019,3,67,「의료법」상 의료인의 결격사유에 해당하지 않는 자는?,마약 중독자,피성년후견인,향정신성의약품 중독자,「의료법」 위반으로 징역형을 선고 받고 집행이 종료된 자,전문의가 의료인으로서 적합하다고 인정하지 않은 정신질환자,D,
273,nurse,2019,3,68,「의료법」상 의료인이나 의료기관 개설자가 진료기록부 등을 보존하는 기간으로 옳은 것은?,처방전 – 1년,수술기록 – 3년,환자 명부 – 3년,진료기록부 – 5년,간호기록부 – 5년,E,
274,nurse,2019,3,69,「의료법」상 해당 연도의 의료인 보수교육을 면제받는 대상자가 자는?,전공의,면허증을 발급받은 신규 면허취득자,의과대학 ∙ 치과대학 ∙ 한의과대학 ∙ 간호대학의 대학원 재학생,해당 연도에 6개월 이상 환자진료 업무에 종사하지 아니한 사람,보건복지부장관이 보수교육을 받을 필요가 없다고 인정하는 사람,D,
275,nurse,2019,3,70,「의료법」상 가정전문간호사가 의사나 한의사의 진단 및 처방이 없어도 수행할 수 있는 가정간호는?,투약,주사,검체의 채취 및 운반,응급처치에 대한 교육,치료적 의료행위인 간호,D,
276,nurse,2019,3,71,「의료법」상 간호사의 면허자격을 정지시킬 수 있는 “의료인의 품위를 심하게 손상시키는 행위를 한 때”에 해당하는 것은?,3회 이상 자격 정지 처분을 받은 경우,학문적으로 인정되지 아니하는 간호 업무,자신의 간호사 면허증을 다른 사람에게 빌려준 행위,면허를 받은 후 그 실태와 취업상황을 보건복지부장관에게 신고하지 아니한 경우,일회용 주사기를 재사용하여 사람의 생명 또는 신체에 중대한 위해를 발생하게 한 경우,B,
277,nurse,2019,3,72,「감염병의 예방 및 관리에 관한 법률」상 마시는 물 또는 식품을 매개로 발생하고 집단 발생의 우려가 커서 발생 또는 유행 즉시 방역대책을 수립해야 하는 감염병은?,제1군감염병,제2군감염병,제3군감염병,제4군감염병,제5군감염병,A,
278,nurse,2019,3,73,「감염병의 예방 및 관리에 관한 법률」상 특별자치도지사 또는 시장 ∙ 군수 ∙ 구청장이 필수예방접종을 실시하여야 하는 질병은?,"홍역, A형간염","공수병, 인플루엔자","콜레라, 비브리오패혈증","B형간염, 중증 급성호흡기 증후군","세균성이질, 장출혈성대장균감염증",A,
279,nurse,2019,3,74,「검역법」상 검역감염병 환자를 보건복지부장관이 지정한 검역소 내 격리병동에 격리할 수 있는 자는?,구청장,도지사,검역소장,보건소장,질병관리본부장,C,
280,nurse,2019,3,75,「후천성면역결핍증 예방법」상 후천성면역결핍증의 예방 ∙관리와 그 감염인의 보호 ∙ 지원 또는 치료를 위하여 필요한 전문진료기관 또는 연구기관을 설치 ∙ 운영할 수 있는 자는?,시 ∙ 도지사,시장 ∙ 군수 ∙ 구청장,보건복지부장관,질병관리본부장,식품의약품안전처장,C,
281,nurse,2019,3,76,「국민건강보험법」상 직장가입자에게 주로 생계를 의존하는 사람으로서 소득 및 재산이 보건복지부령으로 정하는 기준 이하에 해당하여 건강보험의 피부양자가 될 수 있는 자는?,직장가입자의 딸,직장가입자의 이모,직장가입자의 큰어머니,직장가입자의 작은아버지,직장가입자의 형제의 배우자,A,
282,nurse,2019,3,77,「국민건강보험법」상 부가급여는?,이송,진찰,건강검진,약제의 지급,임신 ∙ 출산 진료비,E,
283,nurse,2019,3,78,「지역보건법」상 종합병원의 의료봉사를 위해 의료행위를 하는 자가 지역 주민 다수를 대상으로 건강검진을 하려는 경우에 그 관할 지역의 누구에게 신고해야 하는가?,구청장,보건소장,보건지소장,보건진료소장,건강생활지원센터장,B,
284,nurse,2019,3,79,「지역보건법」상 보건소를 설치하는 지방자치단체의 종류는?,리,동,읍 ∙ 면,시 ∙ 군 ∙ 구,특별시 ∙ 광역시 ∙ 도,D,
285,nurse,2019,3,80,「마약류 관리에 관한 법률」상 마약류취급자가 관리하는 “마약”의 저장에 관한 것으로 옳지 것은?,다른 의약품과 구별하여 저장할 것,업무시간 중에는 조제대에 비치하여 보관할 것,잠금장치가 되어 있는 견고한 장소에 저장할 것,저장시설은 이중으로 잠금장치가 된 철제금고일 것,저장시설은 일반인이 쉽게 발견할 수 없는 장소에 이동할 수 없도록 설치할 것,B,
286,nurse,2019,3,81,「마약류 관리에 관한 법률」상 보건복지부장관 또는 시 ∙ 도지사가 마약류 사용자에 대하여 마약류 중독 여부의 판별검사를 하려면 어느 곳의 심의를 거쳐야 하는가?,혈액관리위원회,건강생활실천협의회,치료보호심사위원회,한국마약퇴치운동본부,보건의료정책심의위원회,C,
287,nurse,2019,3,82,「응급의료에 관한 법률」상 권역응급의료센터의 업무는?,외상 환자의 진료,응급의료 관련 연구,중증응급환자 중심의 진료,외상의료를 제공하는 의료인의 교육훈련,응급의료기관에 대한 평가와 질 향상 활동에 대한 지원,C,
288,nurse,2019,3,83,「보건의료기본법」상 보건의료에 관한 국민의 권리가 아닌 것은?,건강권,보건의료에 관한 알 권리,보건의료서비스에 관한 자기결정권,사생활의 비밀을 침해받지 아니할 권리,의료행위에 필요한 기구를 우선적으로 공급받을 권리,E,
289,nurse,2019,3,84,"「국민건강증진법」상 보건소장이 지역주민의 건강증진을 위한 업무를 행한 때, 이용자의 개인별 건강상태를 기록하여 유지 ∙ 관리하여야 하는 것이 아닌 것은?",영양관리,구강건강의 관리,보건교육 및 건강상담,질병의 조기발견을 위한 검진 및 처방,지역사회의 보건문제에 관한 조사 ∙ 연구,E,
290,nurse,2019,3,85,「혈액관리법」상 혈액원이 헌혈자에게 채혈을 실시하기 전에 하여야 하는 건강진단은?,매독검사,빈혈검사,C형간염검사,후천성면역결핍증검사,인체티림프영양성바이러스검사,B,
291,nurse,2020,1,1,"수혈 중인 환자에서 발열, 오한, 호흡곤란, 저혈압, 혈뇨가 나타나는 경우 의심되는 것은?",수신증,폐수종,용혈반응,수분중독증,신경성 쇼크,C,
292,nurse,2020,1,2,"항생제로 치료를 받는 폐렴 환자의 사정결과가 다음과 같을 때 우선적인 간호중재는?• 식욕부진, 설사• 체온 36.9℃, 맥박 72회/분, 호흡 23회/분, 혈압 110/70 mmHg • 반코마이신내성 장알균(vancomycin-resistant enterococcus) (+) ",체위 변경,수분 제한,접촉주의 격리,얼음주머니 제공,비위관 영양액 공급,C,
293,nurse,2020,1,3,복부자상으로 출혈이 심한 환자의 배뇨량이 24시간 동안 300 mL 미만일 때 예측되는 것은?,심박출량 증가,콩팥기능 저하,말초혈관 이완,중심정맥압 증가,피부의 혈액순환 증가,B,
294,nurse,2020,1,4,출혈로 인한 저혈량 쇼크 초기에 많은 수액을 보충하는 목적은?,후부하 증가,순환혈액량 유지,소변의 삼투압 증가,모세혈관 혈류 감소,프로스타글란딘 배출,B,
295,nurse,2020,1,5,대상포진 환자를 위한 교육내용은?,수포는 양측성으로 발생한다.,장기간 스테로이드를 복용한다.,개인위생으로 재발을 예방할 수 있다.,증상을 완화하기 위해 항생제를 복용한다.,면역이 저하된 사람과 접촉하지 않게 한다.,E,
296,nurse,2020,1,6,담낭절제술 환자에서 수술 직후 T-tube의 배액량이 갑자기 감소할 때 간호중재는?,앙와위를 취해 준다.,수분섭취를 제한한다.,산소포화도를 측정한다.,배액관의 개방 여부를 확인한다.,배액주머니를 복부보다 높게 한다.,D,
297,nurse,2020,1,7,화재나 지진 등의 재난으로 많은 환자가 발생했을 때 대상자 분류에서 우선적으로 처치해야 할 응급상태는?,염좌,타박상,기도 폐색,요로 감염,폐쇄성 골절,C,
298,nurse,2020,1,8,"심한 오심과 구토, 발한 증상이 있는 탈수 환자의 사정결과로 예상되는 것은?",맥압 증가,요비중 감소,구강점막 건조,헤마토크리트 감소,적혈구침강속도 증가,C,
299,nurse,2020,1,9,상복부 통증을 호소하는 췌장염 환자의 불편감을 줄이기 위한 체위는?,똑바로 서 있는 자세,앉아서 앞으로 구부리는 자세,배를 바닥에 대고 엎드려 누운 자세,등을 바닥에 대고 반듯하게 누운 자세,양쪽 하지를 높이고 상체를 낮춘 자세,B,
300,nurse,2020,1,10,다음 중 추가교육이 필요한 급성간염 환자의 반응은?,“술을 마시지 않습니다.”,“기름진 음식을 피합니다.”,“밥을 조금씩 자주 먹습니다.”,“진통제로 타이레놀을 먹습니다.”,“피로가 심하면 휴식을 취합니다.”,D,
301,nurse,2020,1,11,죽음이 임박한 환자의 호흡을 원활하게 하기 위한 간호중재는?,전기담요를 적용한다.,침상머리를 올려 준다.,물을 많이 마시게 한다.,2시간마다 체위를 변경한다.,마약성 진통제를 사용하지 않는다.,B,
302,nurse,2020,1,12,"습관적인 과도한 음주로 2~3일 전부터 연하곤란, 연하통, 가슴앓이 증상이 있는 중년 남자에게 우선적으로 내릴 수 있는 간호진단은?",식도자극과 관련된 통증,연하곤란과 관련된 영양부족,정보부족과 관련된 지식부족,건강상태변화와 관련된 불안,불확실성과 관련된 비효율적 대처,A,
303,nurse,2020,1,13,항암 화학요법을 받는 환자의 구강점막에 염증이 생겼을 때 간호중재는?,구강간호를 제한한다.,수분섭취를 제한한다.,탄산음료를 마시게 한다.,단단한 모의 칫솔을 제공한다.,따뜻한 소금물로 입을 헹구게 한다.,E,
304,nurse,2020,1,15,결장루가 있는 환자에게 해야 할 퇴원교육 내용은?,수영은 금한다.,수분섭취를 제한한다.,"달걀, 양파 등을 섭취한다.",음료 섭취 시 빨대를 사용한다.,장루 배액주머니는 1/2 이상 차기 전에 배액한다.,E,
305,nurse,2020,1,16,"간경화증 환자의 상태가 다음과 같을 때 우선적으로 사정해야 하는 것은?• AST 90 U/L, ALT 101 U/L, 혈소판 8,500/mm^3 • 암모니아 250 μg/dL, 총빌리루빈 4.5 mg/dL, ",갈증,체온,피부색,말초부종,의식수준,E,
306,nurse,2020,1,17,급성A형간염을 의심할 수 있는 사정내용은?,수혈경험,피부와 점막 손상,오염된 음식 섭취,보균자의 혈청 접촉,감염된 주삿바늘에 찔림,C,
307,nurse,2020,1,18,간이식수술을 받은 환자의 거부반응을 조절하는 약물은?,페니토인(phenytoin),프로프라놀롤(propranolol),시클로스포린(cyclosporine),니트로글리세린(nitroglycerin),아세트아미노펜(acetaminophen),C,
308,nurse,2020,1,19,"의식저하 환자의 사정결과가 다음과 같을 때 우선적인 간호중재는?• 혈당 656 mg/dL,  소변 케톤체 (+) • pH 7.31, 중탄산염 20 mEq/L, 나트륨 118 mEq/L ",하지부종 사정,구강수분 제공,중탄산염 투여,천골부 욕창 사정,생리식염수 정맥주입,E,
309,nurse,2020,1,20,"당뇨병 환자의 사정결과가 다음과 같을 때 우선적인 간호중재는?• 발한, 전신 허약감 • 혈압 140/90 mmHg, 맥박 102회/분, 혈당 55 mg/dL, ",기도 유지,진통제 투여,과일주스 제공,심전도 모니터 적용,생리식염수 정맥주입,C,
310,nurse,2020,1,21,치질이 발생되는 병태생리에 대한 설명으로 옳은 것은?,항문부위 정맥의 확장,항문 주위의 피부에 생긴 누공,허혈로 인한 직장 점막의 괴사,직장조직이 과도하게 신장된 후 파열,항문과 직장 주위에 대장균의 군락화,A,
311,nurse,2020,1,22,과민대장증후군 환자에게 나타나는 주요 증상은?,빈혈,혈변,체온 상승,대장 점액의 분비감소,설사와 변비의 반복적인 발생,E,
312,nurse,2020,1,23,"완전비경구영양(total parenteral nutrition) 중인 환자가 식은땀을 흘리며, 배고픔, 허약감, 손발이 떨리는 증상을 호소할 때 우선적으로 확인해야 할 것은?",소양증,감염증상,혈당수치,동맥혈산소포화도,카테터 부위 압통,C,
313,nurse,2020,1,24,"며칠 동안 설사를 하였던 환자의 혈액검사 결과가 Na + 135 mEq/L, K+ 2.9 mEq/L 일 때 예상되는 것은?",혈뇨,혈압상승,근육허약,하지부종,장운동 증가,C,
314,nurse,2020,1,25,다음의 혈액검사 결과가 의미하는 것은?• pH 7.30• PaCO2 35 mmHg • HCO3- 16 mEq/L • PaO2 90 mmHg ,정상범위,대사성 산증,호흡성 산증,대사성 알칼리증,호흡성 알칼리증,B,
315,nurse,2020,1,26,급성신부전 환자에게 간호중재가 필요한 검사결과는?,요비중 1.010,혈청칼륨 7.0 mEq/L,"혈청요소질소 6 mg/dL,",혈청나트륨 136 mEq/L,혈청중탄산염 23 mEq/L,B,
316,nurse,2020,1,27,환자의 간호력 중 급성사구체신염의 원인으로 예측되는 것은?,변비,저혈압,고염식이,운동 부족,호흡기 감염,E,
317,nurse,2020,1,28,"복막투석을 하는 환자의 체온이 39.0℃이고, 배출된 투석액이 혼탁하며, 복통이 있다고 할 때 간호중재는?",앙와위 유지,통목욕 권장,고지방식이 권장,균배양검사 시행,차가운 투석액으로 교체,D,
318,nurse,2020,1,29,신결석 환자의 반응 중 결석 발생 위험 요인은?,“통풍을 앓고 있습니다.”,“음식은 싱겁게 먹습니다.”,“우유는 잘 마시지 않습니다.”,“물은 하루에 2 L씩 마십니다.”,“규칙적으로 걷기 운동을 합니다.”,A,
319,nurse,2020,1,30,무릎관절전치환술을 받은 다음 날 환자의 기동성 증진을 위한 간호중재는?,체중부하 운동을 시작한다.,대퇴사두근 힘주기 운동을 시작한다.,양측대퇴 사이에 외전베개를 대 준다.,침상에 걸터 앉아 다리를 아래로 내리게 한다.,수술한 무릎에 간헐적 공기압박장치를 적용한다.,B,
320,nurse,2020,1,31,골다공증의 발생 위험 요인은?,가임기 여자,수근관증후군 병력,스테로이드제제 장기 복용,에스트로겐 대체요법 적용,체질량지수(BMI) 30 kg/m^2,C,
321,nurse,2020,1,32,유방암 수술 후 퇴원교육을 받은 환자의 반응 중 추가교육이 필요한 것은?,“무거운 물건을 들지 말아야 합니다.”,“수술한 팔은 심장보다 높게 유지합니다.”,“설거지를 할 때는 고무장갑을 착용합니다.”,“수술한 쪽의 팔에서는 혈압을 재지 말아야 합니다.”,“절개 부위가 나은 후에도 팔은 움직이지 않아야 합니다.”,E,
322,nurse,2020,1,33,고관절전치환술 환자가 외전베개를 해야 하는 이유를 물어 볼 때 옳은 설명은?,“낙상을 방지합니다.”,“탈구를 예방합니다.”,“통증이 감소됩니다.”,“혈전이 줄어듭니다.”,“감염을 줄여 줍니다.”,B,
323,nurse,2020,1,34,척추유합술(spinal fusion) 을 받은 환자를 위한 간호중재는?,수술 직후부터 좌위를 취해 준다.,하지통증이 있어도 운동을 하게 한다.,척추굴곡운동을 통해 근력을 강화시킨다.,침상 밖으로 나올 때는 보조기를 착용한다.,발가락의 감각소실은 정상이라고 알려 준다.,D,
324,nurse,2020,1,35,외상성 뇌손상 환자의 두개내압 상승 예방을 위한 간호중재는?,잦은 흡인,침상머리 30° 상승,빈번한 체위 변경,경부의 굴곡 유지,기침과 심호흡 격려,B,
325,nurse,2020,1,36,급성심근경색 환자의 2단계 심장재활 운동을 위한 교육내용은?,"계단오르기, 조깅, 수영 등을 한다.",최대강도에서 시작하여 점차 낮춘다.,처방된 수준보다 한 단계 높게 운동한다.,호흡곤란이 없으면 운동을 서서히 시작한다.,중등도 이상의 운동을 매일 한 시간씩 지속한다.,D,
326,nurse,2020,1,37,심부전 환자에게 디곡신(digoxin) 독작용의 위험을 높이는 약물은?,모르핀(morphine),도파민(dopamine),캡토프릴(captopril),푸로세미드(furosemide),니트로글리세린(nitroglycerin),D,
327,nurse,2020,1,38,기좌호흡과 발작야간호흡곤란을 보이는 심부전 환자의 객담 양상은?,묽은 흰색,진한 녹슨색,끈적한 녹색,악취 나는 노란색,거품 섞인 분홍색,E,
328,nurse,2020,1,39,"흉통이 30분 이상 지속되어 응급실에 온 환자에게 창백과 호흡곤란이 있고, 심전도상 ST분절 상승이 나타날 때 원인은?",심근허혈,판막역류,전도장애,흉막삼출,위식도역류,A,
329,nurse,2020,1,40,"급성감염심내막염 환자의 사정결과가 다음과 같을 때 간호중재는? • 혈압 130/80 mmHg, 체온 38.2℃, 맥박 92회/분, 호흡 22회/분• 백혈구 20,430/mm^3, 호중구 17,470/mm^3 ",수분 제한,지혈제 투여,심낭천자 준비,신체활동 격려,혈액배양검사결과 확인,E,
330,nurse,2020,1,41,심한 현기증이 있는 환자의 심전도 결과가 다음과 같을 때 중재는?,강심제 투여,침상머리 상승,베타차단제 투여,인공심박동기 삽입,심장율동전환술 실시,D,
331,nurse,2020,1,42,흉통 환자의 사정결과가 다음과 같을 때 통증 완화에 효과적인 약물은?• 계단을 오르다가 갑자기 나타남• 강도 1~10의 범위 중 5점• 명치에서 시작되어 왼쪽 어깨로 방사됨,강심제,이뇨제,질산염제제,베타차단제,부교감신경차단제,C,
332,nurse,2020,1,43,가슴을 움켜쥐고 쓰러진 환자가 의식이 없고 호흡과 맥박이 측정되지 않는다. 우선적인 중재는?,인공기도 삽입,가슴압박 실시,심장율동전환술 실시,아미오다론(amiodarone) 투여,에피네프린(epinephrine) 투여,B,
333,nurse,2020,1,44,"심장수술 직후 환자의 사정결과가 다음과 같을 때 간호중재는?• 체온 36℃, 맥박 100회/분, 혈압 90/60 mmHg • 중심정맥압 4 cmH2O, 폐모세혈관쐐기압 2 mmHg • 흉관 배액량 100 mL/시간",냉습포를 적용한다.,수액량을 증가시킨다.,침상머리를 높여준다.,베타차단제를 투여한다.,6시간마다 활력징후를 측정한다.,B,
334,nurse,2020,1,45,체외순환으로 심장수술을 할 때 저체온법을 적용하는 이유는?,혈전 예방,폐활량 증가,정상혈압 유지,수술시간 단축,조직의 산소요구량 감소,E,
335,nurse,2020,1,46,간헐파행 환자의 반응 중 교육이 필요한 것은?,“금연을 합니다.”,“규칙적으로 운동을 합니다.”,“포화지방 섭취를 줄입니다.”,“상처가 생기지 않도록 합니다.”,“통증이 나타나면 다리를 올립니다.”,E,
336,nurse,2020,1,47,레이노병 환자의 증상완화에 효과적인 약물은?,이뇨제,항생제,항응고제,혈관이완제,혈전용해제,D,
337,nurse,2020,1,48,버거병 환자의 퇴원 교육내용은?,45℃ 정도의 물로 족욕을 한다.,통증이 나타나면 쭈그리고 앉는다.,찬 곳에 다리를 노출시키지 않는다.,피부궤양이 있으면 걷기운동을 한다.,담배를 끊기 위해 니코틴 패치를 붙인다.,C,
338,nurse,2020,1,49,용혈빈혈 환자의 검사결과는?,엽산 결핍,겸상적혈구 증가,혈청백혈구 증가,혈청빌리루빈 증가,소변유로빌리노겐 감소,D,
339,nurse,2020,1,50,"급성골수성백혈병 환자의 사정결과가 다음과 같다. 우선적인 간호중재는?• 소변량 감소, 피로, 허약감• 백혈구 5,000/mm^3, 혈색소 10.8 g/dL, 혈소판 50,000/mm^3 • 요소질소 26 mg/dL,  크레아티닌 1.8 mg/dL, ",격리,혈액투석,수분 제한,잇몸출혈 확인,농축적혈구 수혈,D,
340,nurse,2020,1,51,폐결핵의 활동성 여부를 확인하기 위한 검사는?,폐생검,폐기능검사,객담배양검사,동맥혈가스분석,투베르쿨린반응검사,C,
341,nurse,2020,1,52,흉곽수술 후 밀봉배액체계를 가지고 있는 환자에게 간호중재가 필요한 상황은?,밀봉병은 흉부 아래에 위치해 있다.,밀봉병 내의 파동이 발생하지 않는다.,환자 이송 시 배액관이 개방되어 있다.,밀봉병의 긴 관 끝이 물 속에 담겨 있다.,삽입 후 첫 24시간 동안 배액량이 300 mL이다.,B,
342,nurse,2020,1,53,"피라진아미드(pyrazinamide), 리팜핀(rifampin), 이소니아지드(isoniazid) 를 처방받은 활동성폐결핵 환자의 교육내용은?",제산제와 같이 복용한다.,주기적으로 시력검사를 받는다.,약물의 총 복용기간은 1개월이다.,소변이 오렌지색으로 변할 수 있다.,청력장애가 있으면 약물을 중단하고 1주일 후 다시 복용한다.,D,
343,nurse,2020,1,54,폐기종 환자가 심한 호흡곤란과 함께 호흡부속근을 사용하고 있다. 예측할 수 있는 폐기능검사 결과는?,잔기량(RV) 감소,폐활량(VC) 정상,총폐용량(TLC) 감소,기능적 잔기량(FRC) 정상,1초 강제호기량(FEV,E,
344,nurse,2020,1,55,"만성폐쇄폐질환 환자의 사정결과가 다음과 같을 때 중재는?• pH 7.30, PaCO2 56 mmHg, HCO3- 26 mEq/L • 호흡 28회/분, 혈압 140/90 mmHg, 경피적 산소포화도 90% ",기관내삽관을 한다.,종이봉투를 이용하여 호흡하게 한다.,입술을 오므리고 숨을 길게 내쉬게 한다.,똑바로 누운 자세로 절대안정하도록 한다.,비강캐뉼라로 분당 6 L의 산소를 공급한다.,C,
345,nurse,2020,1,56,급성천식발작 환자에게 우선적으로 사용하는 약물은?,질루톤(zileuton),알부테롤(albuterol),풀미코트(pulmicort),테오필린(theophylline),네도크로밀(nedocromil),B,
346,nurse,2020,1,57,고농도 산소요법 중인 환자에게 인공호흡기를 적용해야 할 검사결과는?,pH 7.35,SaO2 95%,PaO2 80 mmHg,PaCO2 60 mmHg,HCO3- 22 mEq/L,D,
347,nurse,2020,1,58,흉관을 제거할 때 환자의 호흡방법에 대한 교육내용은?,기침을 한다.,빠른 호흡을 한다.,평소대로 호흡을 한다.,기침과 심호흡을 교대로 한다.,깊게 숨을 들이마신 후 내쉰 상태에서 멈춘다.,E,
348,nurse,2020,1,59,일과성허혈발작을 의심할 수 있는 증상은?,흉통,고체온,부정맥,호흡곤란,사지의 갑작스러운 허약감,E,
349,nurse,2020,1,60,"뇌출혈 환자의 사정결과가 다음과 같다. 우선적인 간호중재는?• 심한 두통, 투사성 구토, 기면• 두개내압 30 mmHg, 혈압 190/110 mmHg, 맥박 52회/분",수액 공급,앙와위 유지,기도개방 유지,소변배설량 측정,사지운동능력 사정,C,
350,nurse,2020,1,61,뇌경색 증상이 발생하고 2시간 안에 응급실에 온 환자에게 우선적으로 투여해야 할 약물은?,헤파린(heparin),와파린(warfarin),플라빅스(plavix),아스피린(aspirin),조직- 플라즈미노겐활성제(t- PA),E,
351,nurse,2020,1,62,두개내압이 상승된 환자에게 요추천자를 금기하는 이유는?,폐허탈 초래,척추골절 위험,뇌조직 탈출 초래,뇌순환 혈액량 증가,두개내압 상승 악화,C,
352,nurse,2020,1,63,"환자의 사정결과가 다음과 같다. 손상이 의심되는 뇌신경은?• 눈깜박임 반사가 소실, 눈물이 흘러내림• 이마 주름잡기와 휘파람불기가 불가능함• 오른쪽 얼굴 근육이 힘없이 처짐",제3뇌신경,제5뇌신경,제7뇌신경,제9뇌신경,제11뇌신경,C,
353,nurse,2020,1,64,요추간판탈출 환자에게 보조기를 적용하는 목적은?,요추의 압력 증가,복부의 근력 강화,요추의 기형 교정,요추의 가동범위 제한,하지의 정맥귀환 증가,D,
354,nurse,2020,1,65,파킨슨병 환자에게 레보도파(levodopa) 를 투여할 때 교육내용은?,저섬유소식이를 섭취한다.,단백질제제와 같이 복용한다.,소변색이 짙어지면 복용을 중단한다.,피리독신(비타민B,과 같이 복용한다.,E,
355,nurse,2020,1,66,삼차신경통 환자의 식이와 관련된 간호중재는?,저단백식이를 권장한다.,고섬유식이를 권장한다.,음식은 뜨겁게 데워서 준다.,통증 시 얼음 섞인 음료를 준다.,손상받지 않은 쪽으로 씹도록 한다.,E,
356,nurse,2020,1,67,부갑상샘저하로 크보스테크징후(Chvostek’s sign) 가 양성인 환자에게 예상되는 혈액검사결과는?,인 저하,칼슘 저하,칼륨 상승,염소 저하,나트륨 상승,B,
357,nurse,2020,1,68,갈색세포종을 의심할 수 있는 환자의 소변검사결과는?,케톤 감소,비중 감소,적혈구수 증가,백혈구수 증가,카테콜라민 증가,E,
358,nurse,2020,1,69,프로필티오우라실(propylthiouracil) 을 복용하는 갑상샘항진 환자의 교육내용은?,약물은 평생 복용한다.,약물복용 시 빨대를 사용한다.,임신 시 약물복용을 중단한다.,주기적으로 전혈검사를 받는다.,약물을 복용하는 동안 격리한다.,D,
359,nurse,2020,1,70,오른쪽 백내장수술 직후 환자에게 진통제를 투여하였으나 통증이 지속될 때 중재는?,안구 마사지,온습포 적용,오심과 구토 사정,오른쪽 측위 유지,산동제와 축동제를 교대로 점적,C,
360,nurse,2020,1,71,여성중심간호에 대한 설명으로 옳은 것은?,여자의 생식질환에 초점을 둔다.,여자의 전통적인 역할을 중요시한다.,여자를 수동적으로 반응하는 존재로 인식한다.,여자를 자율적으로 의사결정하는 주체로 인식한다.,여자와 남자의 관계를 지배자와 피지배자의 관계로 본다.,D,
361,nurse,2020,1,72,응급실에 온 성폭력 피해자에 대한 간호중재로 옳은 것은?,피해 당시 입은 옷은 폐기한다.,공개된 장소에서 검진하고 상담한다.,상해 정도를 사정하고 구체적으로 기록한다.,감염 예방을 위해 검진 전에 샤워하게 한다.,증거물 수집은 피해자의 동의가 필요 없음을 설명한다.,C,
362,nurse,2020,1,73,25세 여자가 처음으로 자궁경부질세포진검사를 받을 예정이다. 교육내용으로 옳은 것은?,“검사 전날 자정부터 금식이 필요합니다.”,“검사 24시간 이내에 질세척을 해야 합니다.”,“월경 중이면 다른 날에 검사를 받아야 합니다.”,“방광이 팽만된 상태에서 검사하므로 소변을 참으셔야 합니다.”,“질경을 삽입할 때 지용성 윤활제를 사용하므로 불편감이 없습니다.”,C,
363,nurse,2020,1,74,1년 전 초경을 시작한 13세 여자가 심한 월경통을 호소하여 검진한 결과 골반의 기질적인 병변은 없다. 통증 완화를 위한 약물은?,이뇨제,응급피임약,메트로니다졸,프로스타글란딘제제,비스테로이드소염제,E,
364,nurse,2020,1,75,생리적 무월경의 발생 원인은?,자연 폐경,터너증후군,처녀막 폐쇄,자궁강내 유착,다낭난소증후군,A,
365,nurse,2020,1,76,폐경 후 나타날 수 있는 변화는?,골밀도 증가,에스트로겐 증가,프로게스테론 증가,난포자극호르몬 감소,고밀도지질단백질 감소,E,
366,nurse,2020,1,77,"25세 여자가 오른쪽 난소낭종으로 낭종절제술을 받았고, 낭종 안에는 머리카락, 치아, 뼈 등이 들어 있었다. 수술 후 제공한 정보로 옳은 것은?",월경을 한다.,조기 폐경이 된다.,배란이 되지 않는다.,매달 흉부 X선 검사를 한다.,황체호르몬치료가 필요하다.,A,
367,nurse,2020,1,78,근치자궁절제술을 받은 여자의 수술 직후 간호중재로 옳은 것은?,복위를 취하게 한다.,일반식이를 제공한다.,유치도뇨관을 제거한다.,활력징후는 2시간마다 측정한다.,수술부위의 출혈 정도를 관찰한다.,E,
368,nurse,2020,1,79,외음부의 가려움증을 호소하는 30세 여자에 대한 간호중재는?,질세척을 하게 한다.,알코올로 외음부를 소독한다.,에스트로겐 크림을 도포한다.,뜨거운 물로 통목욕을 하게 한다.,병력을 청취하고 외음부를 시진한다.,E,
369,nurse,2020,1,80,월경통과 성교통을 호소하는 여자를 검진한 결과 난소에서 자궁내막 조직이 발견되었다. 예상되는 건강문제는?,난포낭종,자궁선근증,자궁내막증,자궁내막증식증,다낭난소증후군,C,
370,nurse,2020,1,81,다자녀를 출산한 70세 여자가 3도 자궁탈출증으로 진단을 받았을 때 예상되는 수술 방법은?,원추절제술,근치자궁절제술,맥도날드교정술,질식자궁절제술,루프환상투열절제술,D,
371,nurse,2020,1,82,성교후검사에 대한 설명으로 옳은 것은?,배란기에 시행한다.,성교 시 윤활제를 사용한다.,검사 전 한 달 동안 금욕을 한다.,난관의 개방성을 확인하는 검사이다.,질염이 있으면 질정 삽입 후 검사한다.,A,
372,nurse,2020,1,83,"산과력이 다음과 같을 때 5자리 숫자체계(G-T-P-A-L) 로 옳은 것은?• 13주에 자연유산• 38주에 분만하였으나 사망• 34주에 쌍둥이 제왕절개분만, 2명 모두 건강함",3- 2- 1- 1- 3,3- 1- 2- 1- 2,3- 1- 1- 1- 2,4- 1- 1- 1- 2,4- 1- 2- 1-2,C,
373,nurse,2020,1,84,임신을 진단받은 여자의 마지막 월경일이 2019년 10월 10일부터 10월 15일까지이다. 네겔 법칙에 근거한 분만예정일은?,2020년 7월 13일,2020년 7월 17일,2020년 7월 22일,2020년 8월 7일,2020년 8월 12일,B,
374,nurse,2020,1,85,단태아를 임신한 임부의 사정결과가 다음과 같을 때 예상되는 임신 주수는?• 임부는 첫 태동을 느끼지 못했다.• 도플러로 태아 심음을 들을 수 있다.• 자궁저부가 치골결합 바로 위에서 만져진다.,4주,8주,12주,16주,20주,C,
375,nurse,2020,1,86,초임부에게 철분 보충제 복용에 관해 교육한 내용으로 옳은 것은?,“우유와 같이 복용하세요.”,“입덧 예방에 도움이 됩니다.”,“흔한 부작용은 설사입니다.”,“임신 5개월까지만 복용하면 됩니다.”,“변이 검거나 진한 녹색으로 변할 수 있습니다.”,E,
376,nurse,2020,1,87,임신 36주 임부에게 실시한 레오폴드 복부촉진법으로 확인할 수 있는 것은?,양수량,태아 체중,태반 위치,태아선진부,자궁경부 개대,D,
377,nurse,2020,1,88,임신 10주 임부의 사정결과가 다음과 같을 때 예상되는 유산은? • 하복부 통증이 심함• 다량의 질출혈이 있음• 자궁경부가 개대되었음• 태아와 태반부속물이 일부 배출됨,계류유산,절박유산,습관성유산,불가피유산,불완전유산,E,
378,nurse,2020,1,89,"임신 37주 임부가 질출혈이 있고, 태아 심박동수 100회/분이며, 초음파상 자궁경부의 내구를 태반이 완전히 덮고 있는 것이 확인될 때 중재는?",양수주입술,인공파막술,제왕절개분만,리토드린 투여,내진으로 분만진행 확인,C,
379,nurse,2020,1,90,"초임부가 임신 26주에 50 g 포도당을 경구로 섭취하고 1시간 후 측정한 혈장 내 혈당 수치가 115 mg/dL, 이다. 간호중재로 옳은 것은?",“인슐린 투여가 필요합니다.”,“다음 정기 검진일에 오십시오.”,"“하루 3,500 kcal 이상 섭취하십시오.”",“하루 4회 자가혈당 검사가 필요합니다.”,“100 g 경구포도당부하검사가 필요합니다.”,B,
380,nurse,2020,1,91,"임신 24주 임부가 초음파 검사 중 “아기의 심장 뛰는 속도가 빠른 것 같아요?”라고 하였고, 태아 심박동수는 140회/분으로 측정되었다. 간호중재로 옳은 것은?",“태아 심박동수는 정상범위입니다.”,“초음파 검사 중에는 일시적으로 빨라집니다.”,“태아가 성장할수록 심박동수는 더 빨라집니다.”,“태아 심박동수가 느려서 지속적 관찰이 필요합니다.”,“태아 심박동수가 빠르므로 양수천자 검사가 필요합니다.”,A,
381,nurse,2020,1,92,임신 38주 임부의 태아선진부가 얼굴태위일 때 지적부위는?,턱,이마,천골,후두골,견갑골,A,
382,nurse,2020,1,93,초산부가 혈성 이슬과 규칙적인 자궁수축이 있어 사정한 결과 분만 1기 잠재기이다. 평가의 근거는?,배림이 나타남,회음 열상이 나타남,자궁경부 개대 2 cm,선진부 하강정도는 + 1,자궁수축 간격 2분 이내,C,
383,nurse,2020,1,94,"임신 40주 유도분만 중인 초산부가 대변을 볼 것 같다고 호소하여 사정한 결과는 다음과 같다. 우선적인 간호중재로 옳은 것은?• 자궁경부: 완전개대• 태아 심박동수: 130회/분• 자궁수축: 간격 2분, 기간 70초, 강도 중등도",화장실에 가도록 돕는다.,분당 8 L의 산소를 공급한다.,응급 제왕절개분만을 준비한다.,옥시토신 투여 용량을 증가한다.,아래로 힘이 주어질 때 힘을 주라고 한다.,E,
384,nurse,2020,1,95,"가족분만실에 입원 중인 초산부를 내진한 결과 자궁경부 개대 3 cm, 소실 80% 이고 전자태아감시로 관찰 중이다. 우선적인 중재가 요구되는 상황은?",자궁수축 간격: 5분,자궁수축 기간: 40초,태아 심박동수: 130회/분,이완기의 자궁내압: 25 mmHg,태아심박동 기본선의 변이성: 중간 정도,D,
385,nurse,2020,1,96,조기진통이 있는 임부에게 리토드린을 투여할 수 있는 조건은?,태아 사망,태반조기박리,완전 양막파수,자궁경부 닫혀 있음,태아 심박동수 90회/분,D,
386,nurse,2020,1,97,태아의 폐성숙을 촉진하기 위해 투여하는 약물은?,리토드린,니페디핀,인도메타신,베타메타손,마그네슘황산염,D,
387,nurse,2020,1,98,"옥시토신 유도분만 중인 산부의 상태가 다음과 같을 때 우선적인 간호중재는?• 산부의 혈압 120/80 mmHg, 맥박 80회/분, 호흡 22회/분• 자궁수축: 간격 2분, 기간 80초, 강도 90 mmHg • 태아 심박동수: 110회/분",태동 확인,진정제 투여,히드랄라진 투여,옥시토신 주입 중단,반좌위로 체위 변경,D,
388,nurse,2020,1,99,제왕절개분만을 한 초산모에 대한 간호중재로 옳은 것은?,탄산음료 섭취를 권한다.,조기 모아애착을 돕는다.,유치도뇨관은 3일 동안 유지한다.,수술 후 2일 동안 절대안정을 취하게 한다.,절개부위의 통증은 옥시토신 투여로 조절한다.,B,
389,nurse,2020,1,100,질분만으로 3.4 kg 아기를 출산한 산모의 자궁이 정상적으로 퇴축되고 있다. 산후 15일째에 예상되는 자궁저부의 높이는?,검상돌기 부위,배꼽 위 1 cm,배꼽 아래 2 cm,치골결합과 배꼽 중간,복부에서 촉지되지 않음,E,
390,nurse,2020,1,101,2시간 전에 제왕절개분만을 한 산모가 질출혈이 있어서 확인한 결과 자궁저부가 배꼽부위에서 부드럽게 만져질 때 예상되는 건강문제는?,자궁이완,방광질누공,자궁내번증,자궁경관무력,자궁후방전위,A,
391,nurse,2020,1,102,회음절개술을 받은 산모의 회음부에 대한 간호중재로 옳은 것은?,질세척을 해 준다.,유치도뇨관을 삽입한다.,항문에서 질 방향으로 닦게 한다.,산후 3일째부터 좌욕을 하게 한다.,회음패드 교환 전후에 손을 씻게 한다.,E,
392,nurse,2020,1,103,질분만 4시간 후 산모의 자궁이 오른쪽으로 기울어져 있고 자궁저부가 배꼽보다 위에서 촉진될 때 간호중재는?,관장을 실시한다.,체온을 측정한다.,왼쪽으로 눕게 한다.,배뇨를 하도록 돕는다.,복부에 모래주머니를 대 준다.,D,
393,nurse,2020,1,104,유두 주위에 발적과 유방에 농양이 있는 모유수유 중인 산모를 위한 간호중재는?,수분섭취를 제한한다.,유방부위를 단단하게 압박한다.,모유수유를 일시적으로 중단한다.,엄마와 아기의 신체접촉을 금한다.,농양이 있는 유방의 젖은 짜내지 않는다.,C,
394,nurse,2020,1,105,"제왕절개분만을 한 산모가 하지의 통증과 부종, 오한과 발열감을 호소할 때 예측되는 건강문제는?",복막염,골반내감염,자궁내막염,신우신장염,혈전성 정맥염,E,
395,nurse,2020,2,1,폐렴으로 입원한 4세 아동에게 정맥주사를 놓을 때 간호사가 아동에게 해 줄 설명은?,“하나도 아프지 않을 거야.”,“주사 맞을 때 따끔할 거야.”,“이번 딱 한 번만 맞을 거야.”,“너의 팔에 작은 막대기를 꽂을 거야.”,“좋은 세균들이 너의 몸에 들어갈 거야.”,B,
396,nurse,2020,2,2,예방접종을 위해 내원한 15개월 유아의 키와 몸무게가 성장곡선에서 3백분위수 미만이다. 출생 시에는 25백분위수였다면 의심되는 건강문제를 파악하기 위하여 부모에게 해야 할 질문은?,“아이가 대소변을 가리나요?”,“오늘 아침에 무엇을 먹였나요?”,“고혈압과 당뇨병의 가족력이 있나요?”,“아이가 하루에 음식을 얼마나 먹나요?”,“지금까지 국가예방접종은 모두 했나요?”,D,
397,nurse,2020,2,3,성장발달이 정상인 4개월 영아의 운동발달 특성을 고려하고 사고를 예방하기 위해 부모에게 교육할 내용은?,“몸을 뒤집기 시작하므로 소파 위에 눕히지 마세요.”,“혼자 잘 앉을 수 있지만 앉을 때 등에 쿠션을 대 주세요.”,“가구를 붙잡고 일어서므로 가구 위에 물건을 놓지 마세요.”,“목을 가누지 못하므로 아이를 업을 때 목을 잘 지지해 주세요.”,“기어 다니면서 아무거나 주워 먹으므로 바닥을 청결히 하세요.”,A,
398,nurse,2020,2,4,"덴버II 발달검사 결과, 언어발달 영역에서 ‘주의’ 항목이 2개 있고, 나머지 영역은 모두 정상일 때 부모에게 교육할 내용은?",1~2주 내에 재검사를 하도록 권유한다.,정상적인 성장발달 범위에 있다고 알려 준다.,향후 학습 능력지연이 있을 수 있음을 알려 준다.,‘주의’ 항목은 아동이 검사를 거부한 것임을 알려 준다.,언어장애가 있으니 언어발달클리닉에 방문할 것을 권유한다.,A,
399,nurse,2020,2,5,"영아의 디프테리아, 파상풍, 백일해 혼합백신(DTaP) 예방접종에 대해 부모에게 교육할 내용은?",“1회라도 설사를 했다면 예방접종을 삼가세요.”,“접종 후 휴식을 위해 가급적 오후 늦게 접종하세요.”,“2개월 간격으로 3회 접종하면 영구면역이 생깁니다.”,“접종 후 경련이 나타나면 즉시 진찰을 받도록 하세요.”,“구토나 설사를 예방하기 위해 예방접종 후에는 금식시키세요.”,D,
400,nurse,2020,2,6,영아의 대상영속성을 높이기 위한 놀이 방법은?,공을 굴려서 잡는 놀이를 한다.,모양블록 끼워넣기 놀이를 한다.,수건을 사용하여 까꿍놀이를 한다.,소리 나는 장난감을 가지고 놀게 한다.,고무찰흙으로 다양한 모양을 만들게 한다.,C,
401,nurse,2020,2,7,건강문제 없이 만삭으로 출생한 신생아에게 나타나는 비정상적인 피부 증상은?,콧등에 생긴 좁쌀종,손과 발의 말단청색증,가슴에 나타나는 중독성홍반,눈 주위에 생긴 포도주색반점,이마에서 치골까지의 할리퀸색조변화,D,
402,nurse,2020,2,8,"재태기간 39주에 출생한 신생아를 대상으로, 생후 4시간 만에 측정한 활력징후가 다음과 같을 때 중재는?심박동수 160회/분, 호흡수 52회/분, 액와체온 36.0℃",산소를 공급한다.,비위관을 삽입한다.,복사온열기에 눕힌다.,정상이므로 지켜 본다.,구강분비물을 흡인한다.,C,
403,nurse,2020,2,9,"부모에게 교육할, 신생아 목욕 방법은?",생식기를 먼저 씻긴다.,하루에 2~3회 씻긴다.,30분 이상 충분히 씻긴다.,신생아용 알칼리성 비누로 씻긴다.,피부의 산성막을 보호하기 위해 물로 씻긴다.,E,
404,nurse,2020,2,10,모유수유가 가능한 경우는?,어머니가 항암치료 중인 경우,어머니가 알코올 중독자인 경우,신생아에게 갑상샘저하가 의심되는 경우,어머니가 활동결핵을 치료받지 않은 경우,신생아에게 갈락토오스혈증이 의심되는 경우,C,
405,nurse,2020,2,11,신생아의 감각기능에 대한 설명으로 옳은 것은?,단맛과 신맛을 구별할 수 없다.,엄마와 다른 여자의 얼굴을 구별할 수 있다.,엄마와 낯선 사람의 목소리를 구별할 수 없다.,1 m 높이의 모빌에 눈의 초점을 맞출 수 있다.,엄마와 다른 산모의 모유 냄새를 구별할 수 있다.,E,
406,nurse,2020,2,12,정상적으로 성장하는 3개월 영아가 3시간 이상 큰 소리로 1주일에 3~4차례씩 우는 증상이 3주째 지속될 때 부모에게 교육할 내용은?,“당분간 모유수유를 중단하세요.”,“아이를 차에 태워 외출해 보세요.”,“울기 시작하면 즉시 수유해 보세요.”,“울음을 그칠 때까지 내버려 두세요.”,“복부에 차가운 물주머니를 대 주세요.”,B,
407,nurse,2020,2,13,유아가 표백제를 먹었다며 응급실로 전화한 부모에게 제시할 중재는?,주스를 200 mL 이상 마시게 한다.,무엇을 얼마나 먹었는지 확인한다.,재발을 예방하는 방법을 교육한다.,손가락을 밀어 넣어 구토하게 한다.,약국에 가서 해독제를 구입하게 한다.,B,
408,nurse,2020,2,14,낮에 소변을 잘 가리던 24개월 유아가 입원 후 다시 옷에 오줌을 싼다고 속상해하는 부모에게 교육할 내용은?,“입원기간 중에는 수분섭취를 최소화하세요.”,“병원에서도 시간에 맞추어 변기에 앉혀 주세요.”,“옷에 오줌을 쌀 때마다 타임아웃으로 훈육하세요.”,“일시적인 현상이므로 병원에서는 기저귀를 채우세요.”,“입원한 같은 또래의 유아와 함께 배변훈련을 해 보세요.”,D,
409,nurse,2020,2,15,9세 아동의 인지발달에 대한 설명은?,다른 사람의 관점에서 생각할 수 없다.,장난감도 사람처럼 살아 있다고 믿는다.,눈에 보이지 않으면 없는 것이라고 생각한다.,모양의 변화가 양의 변화가 아님을 이해한다.,논리적으로 설명하기 위해 가설을 설정할 수 있다.,D,
410,nurse,2020,2,16,"건강한 8세 아동이 최근에 저녁이 되면 양쪽 다리를 아파하며, 자다가 깨기도 하는데 다음 날 아침에는 증상이 사라진다고 한다. 통증이 나타날 때 집에서 적용할 수 있는 중재는?",항생제를 먹인다.,수면제를 먹인다.,응급실에 데리고 간다.,아픈 부위를 마사지해 준다.,종아리를 탄력붕대로 감싼다.,D,
411,nurse,2020,2,17,6개월 영아에게 b형 헤모필루스 인플루엔자(Hib) 백신을 근육주사하는 방법은?,무릎을 잡고 외측광근에 주사한다.,측위로 눕혀 복측둔근에 주사한다.,복위로 눕혀 배측둔근에 주사한다.,어깨를 노출시켜 삼각근에 주사한다.,바늘을 45°로 하여 내측광근에 주사한다.,A,
412,nurse,2020,2,18,3세 유아에게서 골수천자를 하는 부위는?,경골,흉골,치골상부,후장골능선,요추 3번과 4번 사이,D,
413,nurse,2020,2,19,미숙아의 발달을 지지하는 간호중재는?,시각을 자극하기 위해 조명을 밝게 한다.,에너지 보존을 위해 가능한 한 아기를 적게 만진다.,촉각을 자극하기 위해 아기의 자세를 자주 바꾸어 준다.,아기가 팔다리를 편안하게 유지하도록 신전자세를 취해 준다.,청각을 자극하기 위해 70 dB 이상의 환경적 소음을 제공한다.,B,
414,nurse,2020,2,20,고빌리루빈혈증 신생아에게 광선요법을 실시할 때 간호중재는?,수분섭취를 제한한다.,체온을 자주 점검한다.,전신에 오일을 발라 준다.,수유 시에도 안대를 착용 시킨다.,아기와 광선과의 거리는 20 cm를 유지한다.,B,
415,nurse,2020,2,21,"신생아집중치료실에 입원 중인 미숙아에게 담즙이 포함된 구토, 혈변, 호흡곤란과 복부팽만이 나타날 때 중재는?",안위증진을 위해 복위를 취해 준다.,장의 공기 배출을 위해 관장을 실시한다.,경구섭취를 중지하고 위관영양을 실시한다.,복압을 감소시키기 위해 위장관 배액을 한다.,소화흡수를 증진하기 위해 구강으로 모유를 먹인다.,D,
416,nurse,2020,2,22,비대유문협착증으로 진단받은 신생아에게 나타나는 증상은?,혈변,대사산증,장음 항진,담즙이 없는 구토,정상적인 체중 증가,D,
417,nurse,2020,2,23,건강하던 영아가 구토를 하며 심하게 울다가 진정하다를 반복한다. 우상복부에서 소시지 모양의 덩어리가 촉진되었다면 우선적인 중재는?,금식을 시킨다.,복부를 마사지한다.,진정제를 투여한다.,비위관영양을 실시한다.,글리세린관장을 실시한다.,A,
418,nurse,2020,2,24,"10개월 영아가 세기관지염으로 입원하였다. 주증상과 활력징후가 다음과 같을 때 우선적인 중재는?• 주증상: 기침, 비강분비물 많음• 호흡수: 40회/분, 산소포화도: 95%, 액와체온: 37.5℃",위관영양,체위배액,비강 흡인,산소 투여,해열제 투여,C,
419,nurse,2020,2,25,선천심질환 교정술 후 심박출량 감소를 예측할 수 있는 증상은?,혈압 상승,약한 맥박,따뜻한 사지,소변량 증가,대사알칼리증,B,
420,nurse,2020,2,26,"2세 아동이 외상 없이 갑작스러운 전신성 점상출혈로 입원하였다. 혈액검사 결과가 다음과 같을 때 부모에게 교육할 내용은?백혈구 9,000/mm^3, 혈색소 13 g/dL, 혈소판 12,000/mm^3 ",“응고인자를 투여해야 합니다.”,“적은 양의 출혈은 쉽게 지혈됩니다.”,“해열진통제로 아스피린을 투여할 것입니다.”,“감염증상이므로 항생제 치료를 할 것입니다.”,“부딪히거나 넘어지지 않도록 주의해야 합니다.”,E,
421,nurse,2020,2,27,경결이 5 mm 이상일 때 결핵반응검사 결과가 양성이라고 판단하는 경우는?,5세 이상의 아동,림프종으로 진단받은 아동,결핵유병률이 높은 지역을 여행한 아동,결핵유병률이 높은 지역에서 태어난 아동,결핵으로 진단된 가족과 함께 거주하는 아동,E,
422,nurse,2020,2,28,류마티스열로 진단받은 아동에게 갑자기 사지의 불수의적 움직임이 나타난다고 부모가 걱정할 때 간호상담 내용으로 옳은 것은?,“압박붕대로 사지를 고정시켜 주세요.”,“보행을 위한 재활훈련을 준비하세요.”,“일시적이며 서서히 사라지는 증상입니다.”,“증상 완화를 위해 진통제를 투약할 것입니다.”,“합병증이므로 추가적인 신경과 진료가 필요합니다.”,C,
423,nurse,2020,2,29,"8세 아동이 심한 부종, 고혈압, 혈뇨 증상으로 입원하여, 급성사구체신염이 의심될 때 중재는?",활동을 제한한다.,정상식이를 제공한다.,수분섭취를 증가시킨다.,항바이러스제를 투여한다.,프레드니손을 6주간 투여한다.,A,
424,nurse,2020,2,30,"아동이 병원 외래에서 갑자기 의식을 잃고 바닥에 쓰러졌다. 다음과 같은 증상이 있을 때 중재는?• 호흡곤란, 침흘림, 눈동자가 위로 올라감• 사지가 뻣뻣한 상태로 심하게 떨림",억제대를 적용한다.,사지를 주물러 준다.,응급수술을 준비한다.,주변의 물건을 치운다.,입안에 설압자를 물린다.,D,
425,nurse,2020,2,31,발달성 고관절 이형성증으로 진단받은 신생아에게 파브릭(Pavlik) 보조기를 착용시킬 때 간호중재는?,보조기 안에 면내의를 입힌다.,하지 석고붕대를 함께 적용한다.,기저귀를 갈 때 보조기를 제거한다.,매일 일정한 시간에 끈 길이를 조절한다.,양쪽 고관절을 내전시킨 체위로 고정한다.,A,
426,nurse,2020,2,32,홍역의 발진 양상은?,심한 소양증을 동반한다.,코플릭반점이 혀끝에 생긴다.,궤양이 구강점막에 발생한다.,홍반성 구진으로 시작하여 소수포로 진행한다.,발진이 얼굴에서 시작하여 몸통과 사지로 전신으로 퍼진다.,E,
427,nurse,2020,2,33,심한 기침과 콧물 증상으로 입원하여 백일해로 진단받은 아동에 대한 중재는?,금식을 시킨다.,실내를 건조하게 유지한다.,에리트로마이신을 투여한다.,아동을 울려서 가래배출을 용이하게 한다.,호흡기질환 아동들과 같은 병실에서 돌본다.,C,
428,nurse,2020,2,34,학령기 아동이 백혈병으로 화학요법을 받고 있다. 간호사가 주의를 기울여야 하는 혈액검사 결과는?,헤마토크리트: 35%,"헤모글로빈: 13 g/dL,","백혈구수: 10,000/mm^3","혈소판수: 300,000/mm^3",절대호중구수: 400/mm^3,E,
429,nurse,2020,2,35,동종 조혈모세포를 이식받은 아동에게 발생 가능한 이식편대숙주병에 대한 교육을 하고 있다. 발견 즉시 간호사실에 알리도록 부모에게 교육해야 할 증상은?,혈뇨,변비,턱 마비,피부 홍반,눈주위 부종,D,
430,nurse,2020,2,36,우리나라의 사회보장 형태 중 공공부조에 해당하는 것은?,산재보험,의료급여,연금보험,장애인복지서비스,노인장기요양보험,B,
431,nurse,2020,2,37,프라이(J. Fry) 의 보건의료전달체계 분류 중 자유방임형의 단점은?,의료의 질적수준 저하,개인의 의료선택 제한,의료인의 획일적 보상,관료체제로 인한 경직성,의료자원의 지역 간 불균형,E,
432,nurse,2020,2,38,"다음은 어느 역학적 연구방법에 해당하는가?A지역에서 2000년 30~50대 남자로 심장병이 없는 3,000명을 모집하여 그때부터 2018년까지 고혈압과 심장병과의 관계를 파악하기 위하여 추적관찰을 하였다. 고혈압을 위험요인으로 보고 고혈압이 추후 심장병 발생에 미치는 영향을 상대위험도(relative rate) 로 파악하였다.",사례연구,실험연구,생태학적연구,전향적 코호트연구,후향적 코호트연구,D,
433,nurse,2020,2,39,일정 기간에 특정 질병에 걸린 사람 중 그 질병으로 사망한 사람이 얼마인지를 백분율로 표시한 것은?,사망률,치명률,비례사망률,특수사망률,표준화사망률,B,
434,nurse,2020,2,40,"뉴만(B. Neuman) 의 건강관리체계이론에서 다음은 어느 개념을 설명한 것인가?• 한 체계가 오랫동안 유지해 온 평형상태• 대상체계가 경험하는 모든 스트레스원에 대처하는 근본적인 방법• 개인의 일상적 대처유형, 삶의 유형, 발달단계와 같은 행위적 요인과 신체상태, 유전적 요인 등 변수들의 복합물",반응도,저항선,기본구조,정상방어선,유연방어선,D,
435,nurse,2020,2,41,A 산업장 근로자의 건강검진 결과 난청발생률이 높게 나타나 다음과 같은 보건사업 목표를 설정하였다면 이외에 반드시 포함해야 할 항목은?2019년 12월까지 절단작업장의 보호구 착용률을 전년보다 30% 높인다.,범위,대상,장소,내용,기간,B,
436,nurse,2020,2,42,"지역사회간호사가 지역사회의 건강요구를 확인하기 위해 수집된 자료를 분석하는 단계에서, 결론단계로 옳은 것은?",공공시설 분포를 지도 위에 표시한다.,자료의 특성에 따라 자료를 요약한다.,보건의료시설의 분포를 그래프로 작성한다.,"지역사회 특징, 인구 특성, 건강 상태 등으로 범주화한다.",현재 상황을 과거 자료와 비교하여 문제의 경향을 파악한다.,E,
437,nurse,2020,2,43,인구구조 유형 중 별형의 특징은?,생산연령 인구의 유출이 큰 농촌형이다.,출생률과 사망률이 낮은 소산소사형이다.,출생률이 높고 사망률이 높은 다산다사형이다.,출생률과 사망률이 모두 낮은 인구감소형이다.,생산연령층 인구가 도시로 유입되는 전입형이다.,E,
438,nurse,2020,2,44,국민의 건강권에 대한 설명으로 옳은 것은?,같은 비용으로 건강서비스를 받는 것이다.,건강권의 요소는 보건의료서비스로 국한된다.,모두가 같은 수준의 건강에 도달하는 것이다.,저소득층이나 건강취약계층을 위한 건강권리이다.,필요할 때 건강서비스에 접근하여 서비스를 이용할 수 있어야 한다.,E,
439,nurse,2020,2,45,다문화 가족을 대상으로 간호계획 시 고려해야 할 것은?,같은 문화권 대상자는 동일한 특성 집단으로 이해한다.,간호사 자신의 문화에 근거하여 모든 문제를 해결한다.,간호사가 속한 문화에 대상자가 빠르게 적응하도록 유도한다.,종교를 존중하여 종교 율법에 따라 만든 음식섭취를 격려한다.,문화에 따라 건강의 의미와 건강에 대한 태도가 다르다는 것을 이해한다.,E,
440,nurse,2020,2,46,MAPP(Mobilizing for Action Planning & Partnership) 모형을 활용하여 지역보건의료계획을 수립할 때 첫 단계는?,지역사회 건강수준을 분석한다.,지역사회의 관심사와 강점을 조사한다.,지역사회가 공유할 수 있는 비전을 세운다.,기획과정에 참여할 조직 및 단체를 파악한다.,우선순위 과제에 대한 구체적인 목표를 설정한다.,D,
441,nurse,2020,2,47,"지역사회간호사가 보건사업을 수행할 때 다음은 보건관리활동 중 무엇에 대한 설명인가?• 업무의 질적 표준을 유지하기 위함• 정보체계구축 및 기록, 계속적인 관찰과 점검활동을 수행함• 사업목적을 달성하기 위해 진행하는 사업이 계획대로 진행되고 있는지 확인함",진단,계약,조정,통제,감시,E,
442,nurse,2020,2,48,"논리모형에 근거하여 근로자 대상 근골격계 관리프로그램을 계획 시 참가자 수, 상담 횟수와 의료기관 연계 건수를 평가하고자 한다. 이는 어느 평가유형에 해당하는가?",투입평가,영향평가,산출평가,구조평가,결과평가,C,
443,nurse,2020,2,49,지역사회 간호사업의 평가단계에서 우선 해야 할 업무는?,재계획 수립,평가자료의 수집,평가대상 및 기준 결정,목표달성 정도의 가치 판단,설정된 목표와 현재까지의 성과 비교,C,
444,nurse,2020,2,50,"다음 상황에 적용된 지역사회 간호활동은?• 1년 동안 학교흡연예방사업을 진행하기 위해 A 중학교와 B 보건소가 사업팀을 구성하여 운영하였다.• 사업목표를 달성하기 위해 두 기관이 자원을 공유하며 상호 역량강화를 위해 노력하였다.• 자원, 위험과 책임의 공동 관리를 통하여 흡연예방사업을 성공적으로 수행하여 흡연율을 낮추는 데 기여하였다.",위임,협력,아웃리치,스크리닝,보건교육,B,
445,nurse,2020,2,51,치매환자 가족이 그들의 지식과 기술을 변화시키고자 자조모임에 참석한다면 이는 어느 자원을 활용한 것인가?,인적 자원,물적 자원,사회적 자원,경제적 자원,문화적 자원,C,
446,nurse,2020,2,53,범이론적 모형(Transtheoretical Model) 에서 다음 학생에 해당하는 변화단계는?“제가 중학교 1학년 때부터 담배를 많이 피웠더니 운동할 때 너무 힘이 들고 입에서 냄새가 난다고 친구들이 싫어해요. 그래서 한 달 안에는 담배를 끊어야겠다고 생각하고 있어요.”,행동단계(action stage),준비단계(preparation stage),유지단계(maintenance stage),계획단계(contemplation stage),계획전단계(precontemplation stage),B,
447,nurse,2020,2,54,"보건교육 시작 전 학습자들의 지식, 태도, 준비도 및 동기정도 등을 파악하는 평가유형은?",절대평가,상대평가,진단평가,형성평가,종합평가,C,
448,nurse,2020,2,55,산업장 보건관리자가 보건교육안 작성 시 학습목표를 진술할 때 지켜야 할 일반적 원칙은?,구체적인 행위동사로 기술한다.,교육자 중심의 진술이어야 한다.,한번 설정한 학습목표는 변경하지 않는다.,학습자의 지식변화에 초점을 두어야 한다.,가능한 한 높은 수준의 학습목표를 설정한다.,A,
449,nurse,2020,2,56,A 지역에 보건진료소 전담 공무원이 새로 부임하여 지역주민을 위한 보건교육사업을 계획하려고 할 때 우선 고려해야 할 것은?,대상자 집단크기,대상자의 학습환경,대상자의 교육정도,대상자의 교육요구,교육보조매체 활용가능성,D,
450,nurse,2020,2,57,보건교육 프로그램을 개발하려고 할 때 다음에 해당하는 학습이론은?• 실제 사례 제시• 학습자 주도적인 학습환경• 소규모 팀으로 구성된 협동학습• 안내자 및 촉진자로서 교육자의 역할,완전 학습이론,인지주의 학습이론,행동주의 학습이론,인본주의 학습이론,구성주의 학습이론,E,
451,nurse,2020,2,58,방문간호사가 산후조리원에서 퇴원한 초산모의 가정을 방문하여 집에 있는 물품으로 초산모가 신생아를 직접 씻길 수 있도록 교육하고자 할 때 활용할 수 있는 교육방법은?,시범,강의,상담,역할극,문제해결학습,A,
452,nurse,2020,2,59,2015년 「지역보건법」 개정으로 보건소 업무 중에서 특별히 지역주민의 만성질환 예방 및 건강한 생활습관 형성을 지원하기 위해 설치된 지역밀착형 공공보건의료기관은?,보건지소,보건의료원,보건진료소,행정복지센터,건강생활지원센터,E,
453,nurse,2020,2,60,"보건진료소는 소외된 지역 없이 벽 ∙ 오지까지 보건의료서비스가 전달되어, 지역주민이 원할 때는 언제나 가까운 거리에서 서비스를 받을 수 있도록 하기 위해 설치되었다. 이는 일차보건의료의 특징 중 어느 것에 해당하는가?",접근성,상호협조성,수용가능성,지불부담능력,지역사회주민참여,A,
454,nurse,2020,2,61,"가족의 생활방식과 부모의 자녀양육을 통해 생활에 필요한 규칙, 권리, 의무 및 책임감을 자녀에게 가르치고, 이로써 문화전달의 대외적 기능을 하는 가족기능은?",생식 기능,사회화 기능,경제적 기능,성 ∙ 애정 기능,보호 ∙ 휴식 기능,B,
455,nurse,2020,2,62,신종인플루엔자의 전파를 차단하기 위한 방법은?,마스크 착용,매개동물 박멸,깨끗한 식수 공급,위생적인 음식 제공,기피제 처리를 한 의복 착용,A,
456,nurse,2020,2,63,제4차 국민건강증진종합계획(Health Plan 2020) 에 제시된 심뇌혈관질환 사업의 대표지표는?,성인 흡연율,비만 유병률,당뇨병 유병률,고위험 음주율,신체활동 실천율,C,
457,nurse,2020,2,64,지역사회 고혈압관리사업을 실시할 때 1차 예방에 해당하는 것은?,고혈압 치료사업,뇌졸중 환자 대상 재활사업,고혈압 ∙ 당뇨병 등록관리사업,주민 대상 건강생활습관 교육,고혈압 환자의 주기적인 혈압측정,D,
458,nurse,2020,2,65,"가족사정 자료가 다음과 같을 때 간호진단은?• 남편은 7년 전부터 근무력증으로 와상상태이다.• 아내는 남편 간호로 밤에도 쉬지 못하여 매우 지쳐 있다.• 아내는 가사, 직장일, 딸의 학업지원을 혼자서 담당하고 있다.• 딸은 학업으로 아버지를 간호하지 못하고 집안일을 돕지 못하고 있다.",역할편중,의사소통장애,불완전한 가족구조,비효율적인 재정관리,부적절한 가정위생관리,A,
459,nurse,2020,2,66,노인장기요양보험에서 제공하는 방문간호에 대한 설명으로 옳은 것은?,법적 근거는 「의료법」이다.,수가는 진단명별 포괄수가제이다.,운영주체는 보건소 또는 보건지소이다.,대상자는 독거노인과 장애인 등 의료취약계층이다.,목적은 거동 불편 노인의 보건의료서비스 접근성 제고이다.,E,
460,nurse,2020,2,67,"사례관리자로서 방문간호사가 다음의 활동을 수행하였다면 이에 해당하는 기능은?당뇨병을 앓고 있으며 혼자 사는 70세 할머니를 사정한 결과 할머니가 처방약을 잘 복용하지 않고 식이조절이 되지 않아, 당뇨관리의 중요성을 강조하고 약물관리와 식이요법에 대해 지도하였다.",교육,대변,조정,옹호,연계,A,
461,nurse,2020,2,68,분뇨로 인해 최근에 수질오염이 발생하였다면 확인할 수 있는 지표는?,불소,유기 수은,포름알데히드,유리 잔류염소,암모니아성 질소,E,
462,nurse,2020,2,69,작업환경관리 원칙 중 다음에 해당하는 것은?• 원격장치로 기계 작동• 탱크에 인화성 물질 저장• 콘크리트 벽으로 방호벽 설치,대치,교육,환기,격리,지도,D,
463,nurse,2020,2,70,대형 재난이 발생한 후 재해 복구단계에서 수행해야 할 간호는?,위험지도 작성,재난대피소 지정,재난수색과 구조,비상경보체계 구축,심리상담 및 전문치료 의뢰,E,
464,nurse,2020,2,71,"개인이 자신이나 환경으로부터 멀어졌을 때 일탈행동이 나타난다고 보며, ‘현재와 지금’을 강조하는 정신건강간호의 이론적 모형은?",의학모형,실존모형,행동모형,사회모형,대인관계모형,B,
465,nurse,2020,2,72,아침에 부인과 싸운 남편이 귀가할 때 선물을 사 가지고 가는 것과 관련이 있는 방어기전은?,취소,승화,함입,억제,주지화,A,
466,nurse,2020,2,73,"대상자와 간호사 모두 이별로 인한 상실을 극복하는 과정을 학습하며, 이때 부정적인 경험을 한 대상자에게 퇴행이 나타날 수 있는 치료적 관계의 단계는?",상호작용 전 단계,초기 단계,오리엔테이션 단계,활동 단계,종결 단계,E,
467,nurse,2020,2,74,55세 여자 환자가 “아이들도 다 커서 이젠 제가 필요하지 않은 것 같아요. 제 인생은 무의미해요.”라고 말하며 눈물을 흘리고 있다. 간호사의 치료적 의사소통으로 옳은 것은?,“용기를 잃지 마세요.”,“모든 것이 다 잘 될 거예요.”,“오늘 아침식사는 잘 하셨어요?”,“인생이 의미가 없다고 느끼시는군요.”,“부정적인 이야기는 하지 마시고 좀 더 긍정적인 이야기를 하세요.”,D,
468,nurse,2020,2,75,대상자가 무늬가 있는 벽지를 가리키면서 “저기 뱀이 기어가고 있어요.”라고 말한다. 이 증상은?,착각,작화증,거부증,지리멸렬,신어조작증,A,
469,nurse,2020,2,76,"추체외로 부작용(extrapyramidal side effect, EPS) 은 어떤 신경전달물질의 차단으로 발생하는가?",도파민,세로토닌,글루타메이트,노르에피네프린,"감마- 아미노부티르산(gamma- aminobutyric acid, GABA)",A,
470,nurse,2020,2,77,"대상자의 에너지를 건설적인 방향으로 유도하기 위해 음악, 미술 등의 방법을 사용하는 중재는?",활동치료,보완대체요법,인지행동치료,사회기술훈련,일상생활기술훈련,A,
471,nurse,2020,2,78,리튬을 복용 중인 환자에 대한 간호중재로 옳은 것은?,수분 섭취를 제한한다.,땀을 많이 흘리는 운동을 권장한다.,운동실조나 설사를 하면 독성 증상일 수 있으니 즉시 보고한다.,이뇨제를 섭취하는 사람에게도 안전하므로 사용할 수 있다고 설명한다.,"구토, 졸림, 초조, 이명, 현기증 등은 일시적 현상이니 안심하라고 한다.",C,
472,nurse,2020,2,79,지역사회 정신건강사업 중 1차 예방에 속하는 것은?,위기 중재,부모 역할 훈련,직업재활 서비스,약물 및 증상 관리,성폭력 피해자 긴급지원,B,
473,nurse,2020,2,80,"퇴원을 계획 중인 조현병 환자가 인지기능이 손상되어 일상생활에 도움이 필요하다. 환자를 24시간 관리, 감독하며 사회기술훈련을 시키기에 적절한 주거서비스는?",집단가정(group home),위탁가정(foster house),중간치료소(halfway house),지정아파트(satellite apartment),공동거주센터(board and care house),A,
474,nurse,2020,2,81,성숙과 관련해 위기를 유발할 수 있는 사건은?,화재,이혼,정년퇴직,비행기 추락,불치병 진단,C,
475,nurse,2020,2,82,3일 전 자살 시도로 응급 입원한 우울장애 환자가 “내가 더 살아서 무슨 낙이 있겠어요. 조용히 눈 감고 싶어요.”라고 말하고 있다. 간호중재로 옳은 것은?,규칙적으로 병동을 순회한다.,안정을 취할 수 있도록 1인실을 배정한다.,긍정적인 주제로 바꾸어 대화하도록 권유한다.,주변 환경에서 위험한 물건을 확인하고 제거한다.,비밀보장을 약속하며 자살 생각을 이야기하도록 한다.,D,
476,nurse,2020,2,83,간호사가 조현병 대상자에게 “오늘 어떻게 지내셨어요?”라고 하자 대상자는 “그네를 타고 소풍을 갔어. 죽어. 어서 해. 당연하지. 초콜릿.”이라고 대답하였다. 이 환자의 증상은?,양가감정(ambivalence),우원증(circumstantiality),사고지연(thought retardation),사고두절(blocking of thought),연상이완(loosening of association),E,
477,nurse,2020,2,84,조현병 환자에 대해 ‘타인에 대한 폭력의 위험’이라는 간호진단을 내렸다. 간호중재로 옳은 것은?,경쟁적인 활동에 참여시킨다.,록이나 랩 음악을 들려 준다.,화려한 장식이 있는 병실을 제공한다.,행동화할 경우 직원들이 상황을 통제할 수 있음을 알린다.,파괴적인 행동을 예방하기 위해 24시간 격리나 억제를 적용한다.,D,
478,nurse,2020,2,85,조현병 환자가 “아침부터 귀에서 삐~ 하는 소리가 계속 들려서 시끄러워서 못 살겠어요.”라고 호소한다. 간호중재로 옳은 것은?,억제대를 적용한다.,조용한 곳에 혼자 있도록 한다.,환자의 주 증상이므로 신경 쓰지 않는다.,환자에게 들리는 소리가 실제가 아님을 말해 준다.,환청이 시작되는 초기에는 내용을 확인하지 않는다.,D,
479,nurse,2020,2,86,어제 입원한 조현병 환자가 “내 병실에 도청장치가 있어요. 병원에 있는 모든 사람들도 저를 감시하고 있는 것 같아요. 그래서 너무 불안해요.”라고 말한다. 간호중재로 옳은 것은?,망상의 내용에 초점을 두고 캐묻는다.,도청장치가 어디에 있는지 같이 찾아본다.,다른 환자들과 어울릴 수 있도록 집단치료에 참가시킨다.,병원은 의료기관이므로 도청장치가 없음을 논리적으로 설명한다.,망상 때문에 불안해하는 느낌에 초점을 맞추어 환자를 이해한다.,E,
480,nurse,2020,2,87,"항상 우울한 기분을 느끼며, 식욕부진, 불면, 만성피로 등의 증상이 30개월간 계속되는 40세 환자에게 추정되는 질환은?",양극성 장애,순환성 장애,지속성 우울장애,월경 전 불쾌감장애,파괴적 기분조절부전장애,C,
481,nurse,2020,2,88,"“저는 장점도 없고, 이제까지 성공한 적이 없는 것 같아요. 제가 잘할 수 있는 것이 있을까요?”라고 말하는 주요우울장애 환자에 대해 ‘자존감 저하’라는 간호진단을 내렸다. 간호중재로 옳은 것은?",엄격하고 이성적으로 대한다.,환자의 부정적 관점에 동의한다.,좋은 일이 생길 것이라고 위로한다.,환자가 성취감을 느낄 수 있는 과제를 부여한다.,대상자가 비현실적인 목표를 세우더라도 지지하고 격려한다.,D,
482,nurse,2020,2,89,해외 유학 중에 증상이 시작되어 입원한 양극성장애 환자가 “제가 다니던 학교에서 어마어마한 정보를 가지고 왔어요. 이 정보를 말하면 세상이 깜짝 놀랄 거예요.”라고 말하고 있다. 이 환자의 증상은?,허무망상,빈곤망상,조종망상,과대망상,신체망상,D,
483,nurse,2020,2,90,"자의로 치료약물 복용을 중단한 환자가 3일 전부터 잠을 안 자고, 먹지도 않고, 이리저리 돌아다니는 증상으로 입원하였다. 간호사는 환자에게서 들뜬 기분, 수다스러움, 과다활동을 확인하였다. 간호중재로 옳은 것은?",이야기할 때는 짧고 간략하게 설명한다.,에너지를 발산하도록 경쟁적인 활동을 하게 한다.,체중을 유지하기 위해 앉아서 식사를 하도록 한다.,병동생활에서의 한계 설정에 대해 환자와 논쟁한다.,깊은 수면을 위해 취침시간 바로 전에 격렬한 활동을 격려한다.,A,
484,nurse,2020,2,91,광장공포증 대상자에게 적용할 수 있는 체계적 탈감작에 대한 설명으로 옳은 것은?,대상자 혼자 집에서 먼 공공장소에 가도록 한다.,두려워하는 상황에 대상자를 점진적으로 노출시킨다.,낯선 곳에서 불안할 때 속으로 ‘중지’라고 외치도록 한다.,가능한 한 외출을 하지 않고 집에서 안정을 취하도록 한다.,낯선 공공장소를 방문하는 다른 사람의 모습을 보고 학습하도록 한다.,B,
485,nurse,2020,2,92,공황장애 환자가 활동치료 중 공황발작을 일으켰을 때 우선적인 간호중재는?,안정감을 주기 위해 신체적 접촉을 제공한다.,"환자를 조용한 장소로 옮기고, 곁에 있어 준다.",걱정하는 부분에 대해 이야기 하도록 격려한다.,불안을 완화시킬 수 있는 이완기술을 교육한다.,환자와 함께 공황발작의 원인이 무엇인지 탐색한다.,B,
486,nurse,2020,2,93,강박장애 환자가 반복해서 손을 씻는다. 이 행동의 정신역동에 대한 설명으로 옳은 것은?,손을 청결히 하기 위해서이다.,주위 사람들의 관심을 끌기 위함이다.,"투사, 동일시의 방어기제가 사용된 것이다.",비합리적이라고 인식하지 못해 반복행동을 하는 것이다.,받아들이기 어려운 충동으로 인한 불안을 완화하기 위함이다.,E,
487,nurse,2020,2,94,교통사고로 친구를 잃고 혼자 살아남아 죄책감에 시달리던 대상자가 “그때 제가 무서워하지 않고 친구 손을 잡고 나왔어야 했어요. 저 때문에 그 친구가 죽은 거예요.”라고 말하고 있다. 간호사의 반응으로 옳은 것은?,“조용한 곳에 혼자 있는 것이 좋겠어요.”,“다른 무엇보다 당신이 살아 있는 것을 기뻐하세요.”,“지금 어떤 감정이나 생각이 드는지 좀 더 말해 보세요.”,“지금 느끼는 고통을 생각하기보다는 앞으로의 계획을 세워 보세요.”,"“친구를 구하지 못했다는 과거의 실패는 잊어버리고, 희망찬 생각을 하세요.”",C,
488,nurse,2020,2,95,"고부간의 갈등이 심한 중년 여자가 두통, 복통, 심계항진, 소화장애를 호소하며 여러 병원을 전전하였으나 신체적 병인은 없다. 이 대상자에게 적절한 간호진단은?",급성 혼동,자해의 위험성,비효과적 대처,언어적 의사소통 장애,전해질 불균형의 위험,C,
489,nurse,2020,2,96,"다음 환자의 성격장애 유형은?대상자는 직장일로 바쁜 남편이 더 이상 자신을 사랑하지 않는다며, 수면제 20알을 복용한 후 남편에게 전화로 이 사실을 알려 응급실을 통해 입원하였다. 이 환자는 다른 환자들에게 과도하게 친절하고 유혹적인 행동을 하다가도 쉽게 화를 내고 냉담하게 돌변하는 행동을 보인다.",회피성 성격장애,조현성 성격장애,편집성 성격장애,자기애성 성격장애,히스테리성(연극성) 성격장애,E,
490,nurse,2020,2,97,반사회적 성격장애 환자가 옆 환자가 자신과 부딪쳤다며 욕설을 하며 난동을 부릴 때 간호중재로 옳은 것은?,정서적으로 친밀하게 접근한다.,관례와 규칙을 지키도록 훈계한다.,잘못된 행동이므로 책임감을 갖도록 벌을 준다.,수용될 수 없는 행동임을 설명하며 제한 설정을 한다.,대상자가 자신의 행동을 정당화할 수 있도록 변명할 기회를 준다.,D,
491,nurse,2020,2,98,"시공간에 대한 지각이 변하고, 색이나 촉감을 풍부하게 느끼게 하며, 독성반응으로 플래시백 현상을 일으키는 물질은?",알코올,환각제,모르핀,코카인,암페타민,B,
492,nurse,2020,2,99,다음 환자의 간호중재로 옳은 것은?알코올중독자가 1주일 전 술을 마시고 귀가하던 중 길거리에서 사소한 일로 큰 싸움을 벌여 경찰까지 출동하는 일이 있었다. 그 후 배우자의 권유로 알코올중독을 치료하기 위해 입원하였다.,환자가 안전한 사회적 음주를 할 수 있는 방안을 모색한다.,환자의 음주행위와 최근에 한 싸움이 관련이 있음을 인식시킨다.,환자가 자신의 문제를 인식할 수 있도록 비판적인 태도를 취한다.,환자가 음주를 지속하는 데에는 배우자가 책임이 있음을 주지시킨다.,환자가 자신의 음주에 대한 태도를 바꾸기 전에는 환자를 수용하지 않는다.,B,
493,nurse,2020,2,100,"배회행동, 초조, 기억력 및 지남력 장애를 보이는 치매 환자에게 ‘상해의 위험’이라는 간호진단을 내렸다. 간호중재로 옳은 것은?",밤에는 병실을 어둡게 한다.,자극이 적은 환경을 유지한다.,활동의 범위를 병실로 제한한다.,집단치료에 참석하는 것을 제한한다.,매일 새로운 간호사가 환자를 돌보게 한다.,B,
494,nurse,2020,2,101,"키 157 cm, 몸무게 40 kg인 대상자가 2 kg을 더 감량한다며 최근 3개월간 식사량을 줄이면서 하루 종일 운동을 하고 있다. 우선적인 간호진단은?",지식 부족,의사결정 갈등,피부 통합성 장애,상황적 자존감 저하,영양 불균형: 신체요구량보다 적음,E,
495,nurse,2020,2,102,"불면장애 환자가 새벽 1시경 자다 깨서 “어렵게 잠들었는데, 지금 또 잠이 깼어요. 다시 잠들 수 없을 것 같아요. 약 좀 주세요.”라고 말한다. 이 환자에게 투여될 수 있는 약물은?",졸피뎀(zolpidem),설트랄린(sertraline),플루옥세틴(fluoxetine),벤즈트로핀(benztropine),메틸페니데이트(methylphenidate),A,
496,nurse,2020,2,103,혼잡한 지하철에서 자신의 성기를 여자의 몸에 문지르는 행위로 경찰에 연행된 남자에게 추정되는 질환은?,관음장애,노출장애,마찰도착장애,물품음란장애,성적피학장애,C,
497,nurse,2020,2,104,5세 아동이 하루 종일 장난감 자동차 바퀴를 돌리고 놀며 말을 하지 않는다. 어머니가 불러도 눈을 맞추지 않고 대답을 하지 않아 청력 검사를 하였으나 정상이다. 정확한 진단을 위해 정신건강의학과에 입원한 이 환아에게 나타날 수 있는 행동특성은?,상동적 행동,또래 환아와 친밀감 형성,담당 간호사와의 잦은 논쟁,자기 차례를 기다리지 못함,다양한 집단놀이에 흥미를 가짐,A,
498,nurse,2020,2,105,중학교 3학년 학생인 품행장애 환자가 보드게임을 하던 중 갑자기 의자를 던져 근처에 있는 모니터가 파손되었다. 간호사의 반응으로 옳은 것은?,“도대체 무엇이 문제인가요?”,“병원의 물건을 파손하다니 나쁜 학생이군요.”,“이런 식으로 행동하면 격리실로 보낼 거예요.”,“기물을 파손했으니 배상을 어떻게 할 건가요?”,“기물을 파손하는 것은 허용되지 않는 행동이에요.”,E,
499,nurse,2020,3,1,나이팅게일 기장을 수여하는 기구는?,국제연합(UN),국제적십자사(ICRC),세계보건기구(WHO),국제간호협의회(ICN),국제연합교육과학문화기구(UNESCO),B,
500,nurse,2020,3,2,1962년 「의료법」 개정에 따른 간호계의 변화는?,업무분야별 간호사 자격인정제도 신설,간호사 자격 검정고시제도의 완전 폐지,간호기록부를 진료진료부와 별도로 분리하여 작성,2년마다 간호사 실태와 취업상황에 대한 신고 의무화,간호사 중앙회의 회원자질 향상을 위한 보수교육 실시,B,
501,nurse,2020,3,3,전문직의 일반적 특성으로 옳은 것은?,다양한 훈련기간,사회적 가치 부재,고도의 직업윤리 요구,업무수행에 대한 외부통제 강화,개인적 경험에 근거한 의사결정,C,
502,nurse,2020,3,4,교통사고로 과다 출혈이 의심되는 환자가 의식불명 상태로 보호자 없이 응급실로 이송되었고 의료진은 환자를 살리기 위해 응급수술을 결정하였다. 이 경우 의료진이 실행한 윤리적 가치는?,신의의 규칙,정의의 원칙,선행의 원칙,악행금지의 원칙,자율성 존중의 원칙,C,
503,nurse,2020,3,5,보참(Beauchamp) 과 칠드레스(Childress) 의 윤리적 사고과정에서 보편적 수준으로 판단하는 마지막 단계는?,윤리규칙,윤리원칙,윤리이론,윤리결정,윤리규범,C,
504,nurse,2020,3,6,간호실무에서 정의의 원칙을 적용한 사례는?,사전 동의받기,억제대 사용금지,환자의 개인정보 보호하기,진단결과에 대해 진실 말하기,응급환자분류체계(triage) 적용하기,E,
505,nurse,2020,3,7,간호사의 과실로 환자에게 손실이 발생하여 병원장이 환자에게 금전적으로 그 손실을 배상하였다. 병원장의 이러한 행위에 대한 법적 책임의 근거는?,형사 책임,사용자 책임,피용자 과실 책임,「의료법」 위반 책임,업무상 과실치사상 책임,B,
506,nurse,2020,3,8,"신규간호사의 비율이 높아짐에 따라 환자안전과 간호생산성이 저하되고 있다. 이를 과학적 관리론에 근거하여 해결하고자 할 때, 간호관리자가 선택할 수 있는 전략은?",업무표준화,고충처리제 도입,동아리 활동 지원,복리후생제도 강화,사기진작 프로그램 개발,A,
507,nurse,2020,3,9,지휘기능에 해당되는 간호관리자의 활동은?,병동운영 계획안을 작성하였다.,간호사 직무기술서를 재작성하였다.,간호사의 업무수행능력을 평가하였다.,간호사의 손위생 이행률을 조사하였다.,간호사 동기부여를 위한 활동을 하였다.,E,
508,nurse,2020,3,10,신규간호사의 업무수행을 위하여 표준화한 간호업무 방법과 기술에 대한 지침은 기획의 계층화 중 어디에 해당되는가?,목적,철학,목표,절차,규칙,D,
509,nurse,2020,3,11,"신축하는 병원의 완공시기를 예측하기 위하여 공사에 필요한 활동을 순차적으로 제시하고 각 활동에 필요한 시간을 낙관적, 비관적, 확률적으로 구분하여 산정하고자 할 때 적용할 수 있는 방법은?",의사결정격자(decision grids),의사결정나무(decision trees),주경로기법(critical path method),PERT(program evaluation and review technique),기획예산제도(planning programming budgeting system),D,
510,nurse,2020,3,12,간호관리자가 설정한 목표로 옳은 것은?,퇴원환자 간호기록 미비율을 줄인다.,환자의 개별적 요구에 따라 양질의 간호를 제공한다.,다양한 재직교육 프로그램을 마련하여 간호사의 자기관리능력을 높인다.,조직의 활성화 활동을 격려하여 간호사의 직무만족도를 5% 증진시킨다.,손씻기 모니터링을 4회/년 실시하여 작년대비 평균 수행률을 5% 향상시킨다.,E,
511,nurse,2020,3,14,"환자의 만족도를 높여 병원 재이용 의도를 높이고자 할 때, 간호관리자가 수립할 수 있는 간호서비스마케팅의 유통 전략은?",개별화된 간호서비스를 개발한다.,간호수가를 개발하여 의료보험을 적용한다.,온라인 간호상담을 24시간 확대하여 제공한다.,간호사의 유니폼을 바꾸어 간호사의 이미지를 높인다.,퇴원환자에게 소책자를 보내 간호의 전문성을 홍보한다.,C,
512,nurse,2020,3,15,간호 ∙ 간병통합서비스 병동을 증축하고자 병동증축추진팀이 조직되었다. 병원의 다양한 분야에서 근무하던 팀원들은 병동증축팀에서 근무하고 증축이 완료되면 자신의 부서로 돌아갈 예정이다. 이 조직유형은?,라인조직,직능조직,프로젝트 조직,매트릭스 조직,라인- 스탭조직,C,
513,nurse,2020,3,16,부서 간의 협력 및 조정을 촉진하기 위해 협력간호사 제도를 새롭게 도입하고 협력간호사의 임금은 요소비교법을 적용하여 산정하고자 한다. 이를 위한 방법으로 옳은 것은?,유사한 직무의 간호사와 같은 등급으로 묶어 산정한다.,일반 간호사의 직무를 기준으로 평가요소별로 비교하여 산정한다.,협력간호사의 직무를 구성요소별로 중요도를 점수화하여 산정한다.,협력간호사 직무를 전체 간호사 직무 속에서 순위를 평가하여 산정한다.,"책임, 기술, 근무조건 요소에 대해 협력간호사의 직무적 가치를 절대평가하여 산정한다.",B,
514,nurse,2020,3,17,대량 응급환자 발생 시 간호사에게 특정 업무를 반복 수행하게 함으로써 업무의 효율성을 높이고자 하는 간호업무분담방법은?,팀 간호,사례관리,일차 간호,총체적 간호,기능적 간호,E,
515,nurse,2020,3,18,간호부는 환자경험 향상의 필요성을 인식하고 바람직한 환자-간호사 의사소통 지침을 개발해서 실천하고 있다. 이러한 간호사들의 변화된 행동을 정착시키기 위해 Lewin의 조직변화 과정을 근거로 간호관리자가 시행할 수 있는 방안은?,대안 탐색,목표 설정,문제 발견,정책 개발,지지와 통제,E,
516,nurse,2020,3,19,다음 병동에서 1일 필요한 간호사 수는?• 간호사 일 근무시간: 8시간• 병동 환자의 총 간접간호시간: 64시간• 병동 환자의 총 직접간호시간: 96시간• 간호사의 기타 활동시간: 산정에서 제외,8명,12명,16명,20명,24명,D,
517,nurse,2020,3,20,업무수행 평가 시 간호관리자의 관대화 경향 오류를 줄이기 위한 방안은?,반복평가 도입,수시평가 도입,연공서열 중시,평가요소 순서 변경,평정등급비율 강제배분 적용,E,
518,nurse,2020,3,21,성과급에 대한 설명으로 옳은 것은?,유능한 간호사를 확보하기 어렵다.,소극적인 업무태도를 유발할 수 있다.,기본 근무시간에 대하여 지급하는 것이다.,경쟁이 과도할 경우 집단성과가 저조할 수 있다.,근속연수에 따른 임금 증가로 심리적 안정을 유도할 수 있다.,D,
519,nurse,2020,3,22,간호관리자가 여러 차례 지각한 간호사에게 출근 시간을 준수하도록 면담하였으나 계속 지각하고 있다. 다음 단계로 고려할 수 있는 조치는?,해임,구두경고,무급정직,부서 이동,징계위원회 회부,B,
520,nurse,2020,3,23,"간호관리자가 구성원으로부터 신뢰와 지지를 받지 못하고 직위권력이 약하며, 과업이 구조화되지 못한 경우 피들러의 상황적합성 이론에 근거한 효과적인 리더십은?",참여형 리더십,설득형 리더십,관계지향형 리더십,과업지향형 리더십,성취지향적 리더십,D,
521,nurse,2020,3,24,"친교욕구가 강한 간호사는 고객만족팀에, 성취욕구가 강한 간호사는 간호연구팀에, 권력욕구가 강한 간호사는 성과관리팀에 배치하였다. 이때 적용된 동기부여 이론은?",XY이론,ERG이론,욕구단계이론,성취동기이론,동기- 위생이론,D,
522,nurse,2020,3,25,간호사가 간호관리자에게 업무보고를 할 때 의사소통 방법으로 옳은 것은?,일상업무는 자세히 보고한다.,한 가지 경로로만 의사소통 한다.,내용을 잘 간추려 핵심만 보고한다.,중요한 내용은 비공식적으로 보고한다.,보고할 내용이 많을 때는 발생 순서대로 보고한다.,C,
523,nurse,2020,3,26,"유방절제수술 후 항암요법을 받고 있는 환자가 신체적, 정신적, 경제적 문제로 힘들어하여 종양전문간호사는 환자에게 전문직 돌봄을 제공하기 위한 다학제 지원을 하고자 한다. 우선해야 할 일은?",팀 구성하기,팀 규칙 정하기,팀 성과 평가하기,팀 활동 촉진하기,팀원별 역할과 책임 정하기,A,
524,nurse,2020,3,27,신규간호사의 스트레스 관리를 위하여 간호관리자가 선택할 수 있는 방법으로 옳은 것은?,스트레스는 관리가 어려우므로 이직을 권한다.,신규간호사의 역량을 강화하기 위해 담당 환자를 추가로 배정한다.,자신의 감정을 솔직하게 털어놓고 지지해 줄 대상을 찾아보도록 한다.,간호업무는 누구나 긴장하는 업무이므로 특별한 문제가 아니라고 말한다.,실수와 부족은 개인문제이므로 스스로 극복할 수 있도록 간호사에게 맡긴다.,C,
525,nurse,2020,3,28,다음에서 설명하는 질 관리 도구는?• 낙상발생원인을 파악하여 분류한다.• 원인별 발생빈도를 수집하여 빈도가 큰 순서대로 왼쪽부터 나열한다.• 원인의 상대적 비중을 누적백분율로 표시하여 질 관리 활동의 우선순위를 정한다.,관리도,런차트,산점도,파레토차트,유사성다이어그램,D,
526,nurse,2020,3,29,우리나라 의료기관 인증기준 중 다음에 기술된 간호수행은 어느 체계에 해당되는가? 간호사: 안녕하세요. 간호사 ○○○입니다. 환자분 성함을 말씀해 주세요.환자: ○○○입니다. 간호사: 혈당을 체크하기 전에 팔찌와 바코드를 다시 한 번 확인해 보겠습니다.,기본가치,환자진료,조직관리,성과관리,간호관리,A,
527,nurse,2020,3,30,의료기관의 환자안전 전략으로 옳은 것은?,권한의 위계 강화,기억에 의존한 업무 수행,동일 업무에 대한 부서별 절차 차별화,오류의 발생을 예방하기 위한 시스템 개선,업무 효율화를 위한 중복 확인 절차 최소화,D,
528,nurse,2020,3,31,질 관리 분석 도구 중 범주별로 1차적 원인과 2차적 원인으로 구분하여 기록하고 그 결과를 원인선 오른쪽 끝에 제시하는 것은?,산점도,레이다차트,히스토그램,물고기뼈그림,유사성다이어그램,D,
529,nurse,2020,3,32,야간근무 순회 중 간호사는 복도 벽면 콘센트에서 불꽃이 튀는 소리와 함께 연기가 나는 것을 발견하였다. 처음 발견한 간호사가 해야 하는 행동은?,우선 간호부 당직자에게 보고한다.,중환자부터 엘리베이터로 이동시킨다.,즉시 “불이야”를 외쳐서 주변에 알린다.,병실문에서 가까운 침상의 환자부터 대피시킨다.,"보호자, 직원, 중환자, 경환자 순으로 대피시킨다.",C,
530,nurse,2020,3,33,간호단위 환경관리 방법으로 옳은 것은?,모든 병실에 동일한 환기방법을 적용한다.,의료진의 환자 관찰에 방해가 되는 커튼은 제거한다.,병동에서 사용하는 이동장비에는 고무바퀴를 적용한다.,병실의 안정감 조성을 위하여 채도가 높은 색을 이용한다.,야간에는 환자들의 숙면을 위하여 병동 전체를 소등한다.,C,
531,nurse,2020,3,34,고위험 약품관리 방법으로 옳은 것은?,병동 상비약으로 분류한다.,사용이 용이하도록 환자 가까이 둔다.,이중 잠금 장치가 있는 곳에 보관한다.,병동 일반약품과 분리하지 않고 보관한다.,동일한 약품명에 함량이 다른 경우 경고용 라벨을 부착한다.,E,
532,nurse,2020,3,35,간호정보시스템을 도입하는 궁극적인 목적은?,갈등발생 감소,간호의 질 향상,간호사 사기 진작,간호사 개인 시간 증가,우호적 조직분위기 조성,B,
533,nurse,2020,3,36,호흡 수가 감소되는 요인으로 옳은 것은?,발열,불안,빈혈,고산지대,마약성 진통제,E,
534,nurse,2020,3,37,기관절개관을 삽입한 환자에게 수행한 간호중재로 옳은 것은?,내관 흡인 시 청결장갑을 착용한다.,내관 소독 시 포비돈 희석액을 사용한다.,내관 삽입 전 외관의 분비물을 제거한다.,삽입부위 피부는 바깥쪽에서 안쪽으로 소독한다.,흡인 시 흡인관의 조절구멍을 막은 상태에서 삽입한다.,C,
535,nurse,2020,3,39,비재호흡마스크로 산소를 투여할 때 간호중재로 옳은 것은?,습윤병은 생리식염수로 채운다.,착용 전 저장백에 산소를 채운다.,만성폐쇄폐질환 환자에게 사용한다.,산소주입은 4 L/분 미만으로 유지한다.,저장백이 허탈되면 산소주입속도를 낮춘다.,B,
536,nurse,2020,3,40,섭취량과 배설량을 측정할 때 섭취량에 포함되는 것은?,구토량,흉관배액량,안구점적액,정맥주입액,상처배액량,D,
537,nurse,2020,3,41,경장영양 중인 환자가 장경련을 호소할 때 간호중재로 옳은 것은?,공기를 주입한다.,연하능력을 확인한다.,영양액의 온도를 확인한다.,위관이 꺾여 있는지 확인한다.,영양액 주입속도를 빠르게 한다.,C,
538,nurse,2020,3,42,간헐적 점적식 위관영양을 위한 간호중재로 옳은 것은?,주입하지 않을 때는 위관을 열어 둔다.,영양액이 6~8시간 동안 주입되도록 한다.,영양 공급 후 30분 이상 좌위를 취해 준다.,영양액 주입 전과 후에 뜨거운 물을 주입한다.,흡인한 내용물이 50 mL이면 위관영양을 중단한다.,C,
539,nurse,2020,3,43,유치도뇨관 삽입 환자의 소변검사물 채취 방법으로 옳은 것은?,주사기로 방광을 천자한다.,유치도뇨관을 제거 후 단순도뇨를 시행한다.,소변주머니에 고여 있는 소변을 검사용기에 담는다.,배액관을 30분간 잠근 후 주삿바늘을 배액관 포트에 삽입하여 수집한다.,도뇨관과 배액관을 분리한 후 도뇨관 안에 있는 소변을 검사용기에 담는다.,D,
540,nurse,2020,3,44,만성변비 환자의 정상배변을 위한 간호중재로 옳은 것은?,활동을 제한한다.,수분섭취를 제한한다.,저섬유질 음식을 권장한다.,배변 시 복부를 마사지한다.,배변 시 앉은 자세에서 허리를 똑바로 펴도록 한다.,D,
541,nurse,2020,3,45,환자가 “재채기를 하거나 물건을 들 때 소변이 조금씩 새어 나와요.”라고 한다. 간호중재로 옳은 것은?,체중을 늘리도록 한다.,크레데(Crede) 방법을 적용한다.,골반저부근육 강화운동을 교육한다.,배뇨 시 물 흐르는 소리를 들려 준다.,"하루에 수분을 3,000 mL 이상 섭취하도록 한다.",C,
542,nurse,2020,3,46,유치도뇨관을 삽입해야 하는 경우로 옳은 것은?,잠혈검사,잔뇨량 측정,신장 초음파검사,폐쇄적 방광세척,정맥내신우촬영술,D,
543,nurse,2020,3,47,장기간 측위를 취하는 환자에게 발생할 수 있는 문제는?,목의 과신전,어깨의 외회전,무릎의 과신전,척추의 비틀림,고관절의 외회전,D,
544,nurse,2020,3,48,환자를 옮길 때 간호사가 신체역학의 원리를 올바르게 적용한 것은?,두 발을 넓게 벌린다.,복부근육을 이완한다.,환자를 밀거나 당기기보다 들어 올린다.,"팔, 다리의 근육보다 등 근육을 사용한다.",무릎을 굽히고 가능한 한 환자로부터 멀리 선다.,A,
545,nurse,2020,3,49,지팡이 사용에 대한 교육으로 옳은 것은?,지팡이의 길이는 바닥에서 가슴높이로 한다.,지팡이는 건강한 다리 쪽 손으로 잡게 한다.,지팡이를 잡은 쪽의 팔꿈치는 곧게 펴도록 한다.,몸을 앞쪽으로 굽혀 지팡이에 기대어 걷도록 한다.,보행 시작 시 지팡이보다 약한 다리를 먼저 내딛도록 한다.,B,
546,nurse,2020,3,50,비렘(NREM) 수면 단계에서 나타나는 생리적 변화는?,맥박 감소,말초혈관 수축,심박출량 증가,위액분비 증가,기초대사율 증가,A,
547,nurse,2020,3,51,국소적 온요법을 올바르게 적용한 것은?,요통,감각장애,악성종양,염좌 직후,개방성 상처,A,
548,nurse,2020,3,52,사후처치 간호중재로 옳은 것은?,사망진단서에 서명한다.,둔부 밑에 패드를 대 준다.,머리보다 다리를 높여 준다.,팔에 부착한 이름표를 제거한다.,부검이 예정된 경우 삽입된 관을 제거한다.,B,
549,nurse,2020,3,53,다음 경우에 공통적으로 내릴 수 있는 간호진단명은?• 85세 노인• 시력이 상실된 중년 남자• 이뇨제를 복용 중인 노인• 지남력이 상실된 중년 여자• 40일간 침상 안정 후 기동을 시작하는 여고생,저체온,기억장애,질식위험성,중독위험성,낙상위험성,E,
550,nurse,2020,3,54,노인환자의 낙상예방을 위한 간호중재로 옳은 것은?,침대 높이를 올려 준다.,침상 옆 탁자는 환자 멀리 배치한다.,전기코드는 벽면에 부착하여 고정한다.,신고 벗기 용이한 넉넉한 신발을 신게 한다.,침상에서 내려올 때는 양쪽 난간을 내려 준다.,C,
551,nurse,2020,3,55,환자에게 사용한 주삿바늘에 의한 자상으로 감염될 수 있는 질병은?,풍진,결핵,B형 간염,인플루엔자,디프테리아,C,
552,nurse,2020,3,56,환자에게 사용한 소화기 내시경의 소독멸균제로 옳은 것은?,페놀,알코올,포비돈,클로르헥시딘,글루타르알데히드,E,
553,nurse,2020,3,57,감염예방을 위해 표준주의(standard precaution) 를 올바르게 적용한 것은?,손위생을 대신하여 장갑을 착용한다.,사용한 주삿바늘은 뚜껑을 씌워 버린다.,체액이 튈 위험이 있으면 안면보호대를 착용한다.,눈에 보이는 오염이 있으면 손소독제로 손위생을 한다.,장갑을 착용한 후 소변백을 비운 다음 활력징후를 측정하고 장갑을 벗는다.,C,
554,nurse,2020,3,58,공기 주의 격리지침 방법으로 옳은 것은?,환자를 음압 병실에 격리한다.,혈압을 측정할 때 멸균장갑을 착용한다.,병실 안에서 N95 마스크를 벗고 나온다.,식사 후 환기를 할 때 병실 문을 열어 둔다.,환자와 반경 90 cm 이내에 있을 때 가운을 착용한다.,A,
555,nurse,2020,3,59,왼쪽 편마비 환자에게 경구투약 시 흡인 예방을 위한 간호중재로 옳은 것은?,빨대를 사용한다.,구강의 오른쪽으로 투여한다.,액체 성분의 약은 물에 희석한다.,장용제는 분쇄하여 음식과 섞는다.,침대발치를 올리고 왼쪽 측위를 취한다.,B,
556,nurse,2020,3,60,둔부의 복면에 근육주사를 놓을 때 주사부위의 선정 기준이 되는 해부학적 위치는?,극돌기(spinous process),부리돌기(coracoid process),견봉돌기(acromial process),전상장골극(anterior superior iliac spine),후상장골극(posterior superior iliac spine),D,
557,nurse,2020,3,61,정맥 주입 중인 환자가 바늘삽입 부위에 부종과 통증을 호소할 때 간호중재로 옳은 것은?,주사부위를 높여 주입한다.,투여 중인 수액까지는 주입한다.,주사부위에 따뜻한 찜질을 해 준다.,생리식염수로 주사부위를 세척한다.,주입을 중단하고 주삿바늘을 제거한다.,E,
558,nurse,2020,3,62,"60 kg인 환자에게 Heparin 25,000 unit을 생리식염수 500 mL에 희석하여 10 unit/kg/hr로 투여하고자 할 때 시간당 주입되는 용량은?",6 mL/hr,10 mL/hr,12 mL/hr,20 mL/hr,24 mL/hr,C,
559,nurse,2020,3,63,안연고를 투여할 때 간호중재로 옳은 것은?,정면을 바라보도록 한다.,상안검을 위로 잡아 올린다.,투약 후 10초간 눈을 감지 않도록 한다.,하부결막낭 내측에서 외측으로 짜 넣는다.,투약 후 코눈물관 위를 30초 이상 눌러 준다.,D,
560,nurse,2020,3,64,"근육, 뼈, 건, 관절 등의 광범위한 손상과 조직괴사를 동반한 피부상실이 관찰되었다면, 욕창의 단계는?",1 단계,2 단계,3 단계,4 단계,심부조직손상 단계,D,
561,nurse,2020,3,65,침대에 누워 지내는 노인의 욕창예방 간호중재로 옳은 것은?,영양상태를 주기적으로 평가한다.,침상머리를 올려서 전단력을 높인다.,2시간마다 뼈 돌출 부위를 마사지한다.,천골 부위에 도넛 모양의 쿠션을 적용한다.,기저귀를 교환할 때 회음부를 알코올이 함유된 미온수로 닦는다.,A,
562,nurse,2020,3,66,「의료법」상 간호사의 임무로 옳은 것은?,의료와 보건지도,「결핵예방법」에 따른 보건활동,조산과 임산부에 대한 보건지도,상병자에 대한 의료와 양호지도,임산부와 신생아에 대한 양호지도,B,
563,nurse,2020,3,67,「의료법」상 의료인 국가시험 응시에 제한을 받지 않는 사람은?,마약중독자,대마중독자,피성년후견인,파산선고를 받은 자,「의료법」 위반으로 금고형을 선고받고 형의 집행이 종료되지 아니한 자,D,
564,nurse,2020,3,68,「의료법」상 의료인이 자신의 면허실태와 취업상황을 신고해야 하는 주기는?,6개월,1년,3년,5년,10년,C,
565,nurse,2020,3,69,「의료법」상 해당 연도의 보수교육을 유예받을 수 있는 의료인은?,전공의,신규 면허취득자,간호대학원 재학생,해당 연도에 6개월 이상 진료업무에 종사하지 않은 사람,보건복지부장관이 보수교육을 받을 필요가 없다고 인정하는 사람,D,
566,nurse,2020,3,70,「의료법」상 요양병원의 입원대상은?,황열환자,급성질환자,조현병환자,상해 후 회복기 환자,외과적 수술 직후 환자,D,
567,nurse,2020,3,71,「의료법」상 의료인의 면허자격 정지 사유는?,향정신성의약품에 중독되었을 때,면허증을 타인에게 빌려주었을 때,면허의 조건을 이행하지 않았을 때,진료기록부를 고의로 사실과 다르게 수정한 때,일회용 주사기를 재사용하여 환자에게 중대한 위해가 발생한 때,D,
568,nurse,2020,3,72,「감염병의 예방 및 관리에 관한 법률」상 감염병환자를 진단한 의사가 해당 환자와 동거인에게 해야 하는 조치는?,표본감시를 실시한다.,역학조사를 실시한다.,자료제출을 요구한다.,병원체확인기관에 의뢰한다.,감염 방지 방법을 지도한다.,E,
569,nurse,2020,3,73,「감염병의 예방 및 관리에 관한 법률」상 시장 ∙ 군수 ∙ 구청장이 예방접종 완료여부를 확인하기 위해 기록을 제출하도록 요청할 수 있는 자는?,세대주,초등학교의 장,청소년수련관장,청소년이용시설의 장,청소년복지시설의 장,B,
570,nurse,2020,3,74,「검역법」상 입국하는 중증급성호흡기증후군(SARS) 의심자를 감시 또는 격리할 수 있는 최대기간은?,3일,5일,7일,10일,14일,D,
571,nurse,2020,3,75,「후천성면역결핍증 예방법」상 후천성면역결핍증 검진 대상자는?,감염인의 자녀,감염인의 배우자,검진 결과 통보자,감염인의 담당 간호사,검사 음성 확인서 소지자,B,
572,nurse,2020,3,76,「국민건강보험법」상 국민건강보험공단의 업무는?,보험급여의 관리,보험급여 비용의 심사,보험급여의 적정성 평가,보험급여의 심사기준 개발,요양급여의 평가기준 개발,A,
573,nurse,2020,3,77,「국민건강보험법」상 보험급여 제한사유에 속하지 않는 것은?,피부양자가 출산한 경우,고의로 진단을 기피한 경우,고의로 사고를 일으킨 경우,고의로 공단의 지시에 따르지 않은 경우,업무재해로 다른 법령에 따른 보험급여를 받은 경우,A,
574,nurse,2020,3,78,「지역보건법」상 지역보건의료계획을 수립하는 주요 목적은?,지역보건의료 심의,지역주민의 건강증진,지역사회 감염병 예방,지역보건의료시스템 구축,지역주민의 사망양상 파악,B,
575,nurse,2020,3,79,「지역보건법」상 보건소의 기능 및 업무에 속하지 않는 것은?,공중을 위한 의료업 운영,건강 친화적인 지역사회 여건의 조성,지역주민을 위한 보건의료서비스의 제공,"지역보건의료정책의 기획, 조사 ∙ 연구 및 평가",보건의료 관련 기관 ∙ 단체 등과의 협력체계 구축,A,
576,nurse,2020,3,80,「마약류 관리에 관한 법률」상 마약류취급의료업자가 아닌 자는?,의사,한의사,수의사,간호사,치과의사,D,
577,nurse,2020,3,81,「마약류 관리에 관한 법률」상 치료보호기관에서는 마약류 사용자에 대해 중독 여부의 판별검사를 언제까지 해야 하는가?,1개월 이내,2개월 이내,3개월 이내,6개월 이내,12개월 이내,A,
578,nurse,2020,3,82,「응급의료에 관한 법률」상 응급환자가 아닌 사람에 대한 조치는?,환자가 제출한 진료의뢰서의 환부,다른 응급환자와 동일한 진료 제공,의무기록 및 방사선 필름 원본 교부,다른 응급환자에 우선하여 진료 제공,다른 시설에 의뢰하거나 다른 기관에 이송,E,
579,nurse,2020,3,83,「보건의료기본법」상 평생국민건강관리체계에 해당하는 것은?,정신 보건의료,구강 보건의료,장애인의 건강증진,감염병의 예방 및 관리,만성질환의 예방 및 관리,C,
580,nurse,2020,3,84,「국민건강증진법」상 담뱃갑 포장지에 표기해야 하는 발암성물질은?,벤젠,라돈,탄산가스,암모니아,일산화탄소,A,
581,nurse,2020,3,85,「혈액관리법」상 혈액원이 채혈한 때에 혈액의 적격 여부를 확인하기 위해 지체 없이 해야 하는 검사는?,빈혈검사,매독검사,결핵검사,A형간염검사,인플루엔자검사,B,
